     Time         ,Temp(°C),Vpv(V),Iac(A),Vac(V),Fac(Hz),Pac(W),Zac(mOhm),E-Total(kWh),E-Today(kWh),h-Total(h),Vpv1(V),Vpv2(V),Vpv3(V),Ipv1(A),Ipv2(A),Ipv3(A),Ppv1(W),Ppv2(W),Ppv3(W),Iac1(A),Iac2(A),Iac3(A),Vac1(V),Vac2(V),Vac3(V),Temp1(C),Temp2(C),RAD1(W/m^2),RAD2(W/m^2)
 2023/11/20 06:49:30, 31.2,234.8,  0.0,230.5, 50.05,     0,NA, 95292.0,     0.00, 33321,234.8,369.3,228.4,  0.0,  0.0,  0.0,     0,     0,     0,  0.0,  0.0,  0.0,230.5,234.2,231.7,NA,NA,NA,NA
 2023/11/20 06:50:00, 31.3,225.9,  0.0,230.6, 50.00,     0,NA, 95292.0,     0.00, 33321,225.9,296.1,302.1,  0.0,  0.0,  0.0,     0,     0,     0,  0.0,  0.0,  0.0,230.6,234.2,231.5,NA,NA,NA,NA
 2023/11/20 06:50:30, 31.3,291.6,  0.0,230.6, 50.06,     0,NA, 95292.0,     0.00, 33321,291.6,346.1,398.5,  0.0,  0.0,  0.0,     0,     0,     0,  0.0,  0.0,  0.0,230.6,234.3,231.5,NA,NA,NA,NA
 2023/11/20 06:51:00, 31.3,234.3,  0.0,230.9, 50.05,     0,NA, 95292.0,     0.00, 33321,234.3,351.4,404.8,  0.0,  0.0,  0.0,     0,     0,     0,  0.0,  0.0,  0.0,230.9,234.5,231.8,NA,NA,NA,NA
 2023/11/20 06:51:30, 31.2,225.9,  0.0,230.7, 50.01,     0,NA, 95292.0,     0.00, 33321,225.9,351.6,311.9,  0.0,  0.0,  0.0,     0,     0,     0,  0.0,  0.0,  0.0,230.7,234.2,231.4,NA,NA,NA,NA
 2023/11/20 06:52:00, 31.3,225.6,  0.0,230.4, 50.05,     0,NA, 95292.0,     0.00, 33321,225.6,228.6,252.9,  0.0,  0.0,  0.0,     0,     0,     0,  0.0,  0.0,  0.0,230.4,233.7,231.5,NA,NA,NA,NA
 2023/11/20 06:52:30, 31.4,276.0,  0.0,229.7, 50.00,     0,NA, 95292.0,     0.00, 33321,276.0,437.3,230.9,  0.0,  0.0,  0.0,     0,     0,     0,  0.0,  0.0,  0.0,229.7,233.4,231.4,NA,NA,NA,NA
 2023/11/20 06:53:00, 31.4,218.0,  0.0,229.8, 50.00,     0,NA, 95292.0,     0.00, 33321,218.0,418.8,225.9,  0.0,  0.0,  0.0,     0,     0,     0,  0.0,  0.0,  0.0,229.8,233.5,230.8,NA,NA,NA,NA
 2023/11/20 06:53:30, 31.4,389.7,  0.0,230.1, 49.93,     0,NA, 95292.0,     0.00, 33321,389.7,366.9,324.6,  0.0,  0.0,  0.0,     0,     0,     0,  0.0,  0.0,  0.0,230.1,233.3,230.1,NA,NA,NA,NA
 2023/11/20 06:54:00, 31.4,288.4,  0.0,229.8, 49.95,     0,NA, 95292.0,     0.00, 33321,288.4,378.1,235.4,  0.0,  0.0,  0.0,     0,     0,     0,  0.0,  0.0,  0.0,229.8,233.1,230.4,NA,NA,NA,NA
 2023/11/20 06:54:30, 31.4,226.4,  0.2,230.9, 49.91,    21,NA, 95292.0,     0.00, 33321,226.4,262.8,280.4,  0.0,  0.0,  0.0,     0,     0,     0,  0.2,  0.2,  0.3,230.9,233.4,231.5,NA,NA,NA,NA
 2023/11/20 06:55:00, 31.6,380.9,  0.4,230.7, 49.89,   164,NA, 95292.0,     0.00, 33321,380.9,304.8,337.5,  0.0,  0.0,  0.0,     0,     0,     0,  0.4,  0.4,  0.4,230.7,233.4,231.7,NA,NA,NA,NA
 2023/11/20 06:55:30, 31.6,228.4,  0.3,230.9, 49.99,    46,NA, 95292.0,     0.00, 33321,228.4,418.6,416.4,  0.0,  0.0,  0.0,     0,     0,     0,  0.3,  0.3,  0.3,230.9,233.6,232.0,NA,NA,NA,NA
 2023/11/20 06:56:00, 31.7,361.3,  0.2,230.7, 49.88,    55,NA, 95292.0,     0.00, 33321,361.3,220.2,224.2,  0.0,  0.0,  0.0,     0,     0,     0,  0.2,  0.2,  0.3,230.7,233.6,231.7,NA,NA,NA,NA
 2023/11/20 06:56:30, 31.8,243.2,  0.4,231.9, 49.97,    80,NA, 95292.0,     0.00, 33321,243.2,418.0,437.1,  0.0,  0.0,  0.0,     0,     0,     0,  0.4,  0.4,  0.4,231.9,233.0,231.7,NA,NA,NA,NA
 2023/11/20 06:57:00, 31.9,341.6,  0.2,231.5, 49.95,    20,NA, 95292.0,     0.00, 33321,341.6,335.3,310.4,  0.0,  0.0,  0.0,     0,     0,     0,  0.2,  0.2,  0.2,231.5,233.0,231.4,NA,NA,NA,NA
 2023/11/20 06:57:30, 32.1,239.9,  0.3,231.0, 49.92,   150,NA, 95292.0,     0.00, 33321,239.9,261.9,319.0,  0.0,  0.0,  0.0,     0,     0,     0,  0.3,  0.3,  0.3,231.0,232.5,231.1,NA,NA,NA,NA
 2023/11/20 06:58:00, 32.3,366.2,  0.2,231.1, 49.91,     7,NA, 95292.0,     0.00, 33321,366.2,448.0,451.7,  0.0,  0.0,  0.0,     0,     0,     0,  0.2,  0.3,  0.3,231.1,232.5,230.5,NA,NA,NA,NA
 2023/11/20 06:58:30, 32.4,221.6,  0.2,230.7, 49.92,    20,NA, 95292.0,     0.00, 33321,221.6,295.6,276.3,  0.0,  0.0,  0.0,     0,     0,     0,  0.2,  0.2,  0.2,230.7,232.5,231.0,NA,NA,NA,NA
 2023/11/20 06:59:00, 32.6,397.7,  0.3,230.7, 49.91,    65,NA, 95292.0,     0.00, 33321,397.7,300.5,379.4,  0.0,  0.0,  0.0,     0,     0,     0,  0.3,  0.3,  0.3,230.7,232.2,230.9,NA,NA,NA,NA
 2023/11/20 06:59:30, 32.9,222.3,  0.2,230.6, 49.91,    10,NA, 95292.0,     0.00, 33321,222.3,449.5,418.3,  0.0,  0.0,  0.0,     0,     0,     0,  0.2,  0.2,  0.2,230.6,232.2,230.7,NA,NA,NA,NA
 2023/11/20 07:00:00, 32.7,360.2,  0.2,230.5, 49.91,    15,NA, 95292.0,     0.00, 33321,360.2,277.2,233.7,  0.0,  0.0,  0.0,     0,     0,     0,  0.2,  0.2,  0.2,230.5,232.1,230.6,NA,NA,NA,NA
 2023/11/20 07:00:30, 32.9,253.2,  0.3,230.7, 49.98,    54,NA, 95292.0,     0.00, 33321,253.2,348.3,441.9,  0.0,  0.0,  0.0,     0,     0,     0,  0.3,  0.2,  0.3,230.7,232.3,230.7,NA,NA,NA,NA
 2023/11/20 07:01:00, 33.1,259.2,  0.3,230.6, 49.98,    45,NA, 95292.0,     0.00, 33321,259.2,444.4,355.7,  0.0,  0.0,  0.0,     0,     0,     0,  0.3,  0.3,  0.3,230.6,233.0,231.4,NA,NA,NA,NA
 2023/11/20 07:01:30, 33.1,362.1,  0.2,230.9, 50.00,    14,NA, 95292.0,     0.00, 33321,362.1,263.5,298.2,  0.0,  0.0,  0.0,     0,     0,     0,  0.2,  0.2,  0.2,230.9,233.6,231.9,NA,NA,NA,NA
 2023/11/20 07:02:00, 33.3,215.7,  0.2,231.0, 50.00,    25,NA, 95292.0,     0.00, 33321,215.7,380.7,458.1,  0.0,  0.0,  0.0,     0,     0,     0,  0.2,  0.2,  0.2,231.0,233.8,231.8,NA,NA,NA,NA
 2023/11/20 07:02:30, 33.4,388.4,  0.2,230.9, 50.02,    33,NA, 95292.0,     0.00, 33321,388.4,445.1,282.7,  0.0,  0.0,  0.0,     0,     0,     0,  0.2,  0.2,  0.2,230.9,234.0,232.4,NA,NA,NA,NA
 2023/11/20 07:03:00, 33.6,267.9,  0.3,231.3, 49.96,    32,NA, 95292.0,     0.00, 33321,267.9,267.6,373.0,  0.0,  0.0,  0.0,     0,     0,     0,  0.3,  0.3,  0.3,231.3,234.0,232.3,NA,NA,NA,NA
 2023/11/20 07:03:30, 33.7,261.7,  0.2,231.7, 50.01,    38,NA, 95292.0,     0.00, 33321,261.7,400.5,314.9,  0.0,  0.0,  0.0,     0,     0,     0,  0.2,  0.3,  0.3,231.7,234.1,232.5,NA,NA,NA,NA
 2023/11/20 07:04:00, 33.8,412.5,  0.3,231.7, 49.98,    50,NA, 95292.0,     0.00, 33321,412.5,453.0,350.9,  0.0,  0.0,  0.0,     0,     0,     0,  0.3,  0.2,  0.3,231.7,234.3,232.7,NA,NA,NA,NA
 2023/11/20 07:04:30, 33.9,254.2,  0.2,231.8, 49.93,    26,NA, 95292.0,     0.00, 33321,254.2,283.0,333.0,  0.0,  0.0,  0.0,     0,     0,     0,  0.2,  0.2,  0.2,231.8,234.1,232.6,NA,NA,NA,NA
 2023/11/20 07:05:00, 34.0,302.0,  0.3,231.7, 50.07,    57,NA, 95292.0,     0.00, 33321,302.0,392.8,441.0,  0.0,  0.0,  0.0,     0,     0,     0,  0.3,  0.2,  0.3,231.7,233.9,232.7,NA,NA,NA,NA
 2023/11/20 07:05:30, 34.1,283.5,  0.3,231.5, 50.09,    36,NA, 95292.0,     0.00, 33321,283.5,467.2,270.9,  0.0,  0.0,  0.0,     0,     0,     0,  0.3,  0.3,  0.3,231.5,234.0,232.5,NA,NA,NA,NA
 2023/11/20 07:06:00, 34.4,284.9,  0.2,230.9, 50.10,    52,NA, 95292.0,     0.00, 33321,284.9,320.2,386.4,  0.0,  0.0,  0.0,     0,     0,     0,  0.2,  0.2,  0.2,230.9,233.4,232.2,NA,NA,NA,NA
 2023/11/20 07:06:30, 34.4,306.6,  0.3,230.8, 50.04,    46,NA, 95292.0,     0.00, 33321,306.6,341.4,378.5,  0.0,  0.0,  0.0,     0,     0,     0,  0.3,  0.2,  0.3,230.8,233.0,231.8,NA,NA,NA,NA
 2023/11/20 07:07:00, 34.4,258.6,  0.2,230.3, 49.98,    46,NA, 95292.0,     0.00, 33321,258.6,471.9,404.3,  0.0,  0.0,  0.0,     0,     0,     0,  0.2,  0.2,  0.3,230.3,232.7,231.5,NA,NA,NA,NA
 2023/11/20 07:07:30, 34.6,347.1,  0.4,230.0, 49.95,    37,NA, 95292.0,     0.00, 33321,347.1,389.1,351.7,  0.0,  0.0,  0.0,     0,     0,     0,  0.4,  0.3,  0.4,230.0,232.3,231.3,NA,NA,NA,NA
 2023/11/20 07:08:00, 34.7,227.5,  0.2,229.7, 50.03,    47,NA, 95292.0,     0.00, 33321,227.5,268.7,309.6,  0.0,  0.0,  0.0,     0,     0,     0,  0.2,  0.2,  0.3,229.7,232.1,230.8,NA,NA,NA,NA
 2023/11/20 07:08:30, 34.8,380.5,  0.2,229.3, 50.00,    51,NA, 95292.0,     0.00, 33321,380.5,463.1,403.1,  0.0,  0.0,  0.0,     0,     0,     0,  0.2,  0.2,  0.2,229.3,231.8,230.7,NA,NA,NA,NA
 2023/11/20 07:09:00, 34.8,227.7,  0.3,228.9, 50.02,    55,NA, 95292.0,     0.00, 33321,227.7,444.1,418.7,  0.0,  0.0,  0.0,     0,     0,     0,  0.3,  0.3,  0.3,228.9,231.5,230.3,NA,NA,NA,NA
 2023/11/20 07:09:30, 34.8,353.2,  0.2,232.1, 49.98,    39,NA, 95292.0,     0.00, 33321,353.2,219.0,377.5,  0.0,  0.0,  0.0,     0,     0,     0,  0.2,  0.2,  0.3,232.1,234.4,232.9,NA,NA,NA,NA
 2023/11/20 07:10:00, 35.2,282.5,  0.3,231.8, 50.00,    44,NA, 95292.0,     0.00, 33321,282.5,428.6,295.3,  0.0,  0.0,  0.0,     0,     0,     0,  0.3,  0.2,  0.3,231.8,234.4,232.9,NA,NA,NA,NA
 2023/11/20 07:10:30, 35.2,307.2,  0.4,231.6, 50.00,    88,NA, 95292.0,     0.00, 33321,307.2,470.9,351.3,  0.0,  0.0,  0.0,     0,     0,     0,  0.4,  0.3,  0.3,231.6,234.2,232.8,NA,NA,NA,NA
 2023/11/20 07:11:00, 35.3,326.3,  0.2,231.3, 50.00,    60,NA, 95292.0,     0.00, 33321,326.3,306.0,354.2,  0.0,  0.0,  0.0,     0,     0,     0,  0.2,  0.2,  0.3,231.3,234.0,232.8,NA,NA,NA,NA
 2023/11/20 07:11:30, 35.4,259.0,  0.2,231.5, 49.97,    56,NA, 95292.0,     0.00, 33321,259.0,339.6,384.5,  0.0,  0.0,  0.0,     0,     0,     0,  0.2,  0.2,  0.2,231.5,234.4,232.9,NA,NA,NA,NA
 2023/11/20 07:12:00, 35.6,396.8,  0.4,231.5, 49.99,    59,NA, 95292.0,     0.00, 33321,396.8,346.4,344.0,  0.0,  0.0,  0.0,     0,     0,     0,  0.4,  0.3,  0.3,231.5,234.3,232.8,NA,NA,NA,NA
 2023/11/20 07:12:30, 35.6,236.7,  0.2,231.7, 50.03,    50,NA, 95292.0,     0.00, 33321,236.7,284.8,373.2,  0.0,  0.0,  0.0,     0,     0,     0,  0.2,  0.2,  0.3,231.7,233.9,232.6,NA,NA,NA,NA
 2023/11/20 07:13:00, 35.7,361.6,  0.2,231.9, 50.00,    74,NA, 95292.0,     0.00, 33321,361.6,408.9,371.1,  0.0,  0.0,  0.0,     0,     0,     0,  0.2,  0.2,  0.2,231.9,233.9,232.5,NA,NA,NA,NA
 2023/11/20 07:13:30, 35.8,312.7,  0.3,231.6, 50.00,    71,NA, 95292.0,     0.00, 33321,312.7,215.3,363.0,  0.0,  0.0,  0.0,     0,     0,     0,  0.3,  0.2,  0.3,231.6,234.0,232.5,NA,NA,NA,NA
 2023/11/20 07:14:00, 36.0,294.2,  0.3,231.7, 49.98,    69,NA, 95292.0,     0.00, 33321,294.2,432.3,355.1,  0.0,  0.0,  0.1,     0,     0,    35,  0.3,  0.3,  0.3,231.7,233.6,232.3,NA,NA,NA,NA
 2023/11/20 07:14:30, 36.0,393.7,  0.4,231.7, 49.98,   106,NA, 95292.0,     0.00, 33321,393.7,250.5,408.9,  0.0,  0.0,  0.1,     0,     0,    40,  0.4,  0.3,  0.4,231.7,233.7,232.5,NA,NA,NA,NA
 2023/11/20 07:15:00, 36.2,230.1,  0.2,231.6, 50.00,    99,NA, 95292.0,     0.00, 33321,230.1,311.3,451.0,  0.0,  0.0,  0.0,     0,     0,     0,  0.2,  0.2,  0.2,231.6,233.2,231.7,NA,NA,NA,NA
 2023/11/20 07:15:30, 36.2,377.6,  0.3,231.3, 49.97,   110,NA, 95292.0,     0.00, 33321,377.6,388.9,436.4,  0.0,  0.0,  0.1,     0,     0,    43,  0.3,  0.2,  0.3,231.3,233.3,231.7,NA,NA,NA,NA
 2023/11/20 07:16:00, 36.4,311.9,  0.4,231.3, 50.00,    66,NA, 95292.0,     0.00, 33321,311.9,220.9,358.0,  0.0,  0.0,  0.1,     0,     0,    35,  0.4,  0.3,  0.4,231.3,233.3,232.2,NA,NA,NA,NA
 2023/11/20 07:16:30, 36.4,306.0,  0.3,230.7, 50.01,    77,NA, 95292.0,     0.00, 33321,306.0,291.6,451.0,  0.0,  0.0,  0.1,     0,     0,    45,  0.3,  0.2,  0.3,230.7,233.3,232.3,NA,NA,NA,NA
 2023/11/20 07:17:00, 36.5,368.8,  0.4,230.6, 50.00,    87,NA, 95292.0,     0.00, 33321,368.8,457.1,381.3,  0.0,  0.0,  0.1,     0,     0,    38,  0.4,  0.3,  0.3,230.6,233.3,232.1,NA,NA,NA,NA
 2023/11/20 07:17:30, 36.6,241.9,  0.5,230.7, 49.99,    89,NA, 95292.0,     0.00, 33321,241.9,249.7,456.3,  0.0,  0.0,  0.0,     0,     0,     0,  0.5,  0.4,  0.5,230.7,233.6,232.3,NA,NA,NA,NA
 2023/11/20 07:18:00, 36.8,408.5,  0.2,230.5, 50.00,    70,NA, 95292.0,     0.00, 33321,408.5,231.5,424.8,  0.0,  0.0,  0.1,     0,     0,    42,  0.2,  0.2,  0.2,230.5,233.4,232.2,NA,NA,NA,NA
 2023/11/20 07:18:30, 36.8,238.5,  0.3,230.3, 49.99,   109,NA, 95292.0,     0.00, 33321,238.5,424.9,446.8,  0.0,  0.0,  0.1,     0,     0,    44,  0.3,  0.2,  0.3,230.3,233.0,232.1,NA,NA,NA,NA
 2023/11/20 07:19:00, 36.9,360.6,  0.3,230.3, 50.01,    91,NA, 95292.0,     0.00, 33321,360.6,327.9,402.6,  0.0,  0.0,  0.1,     0,     0,    40,  0.3,  0.2,  0.3,230.3,232.9,231.7,NA,NA,NA,NA
 2023/11/20 07:19:30, 37.0,302.2,  0.3,230.3, 50.08,    90,NA, 95292.0,     0.00, 33321,302.2,218.2,446.2,  0.0,  0.0,  0.1,     0,     0,    44,  0.3,  0.3,  0.3,230.3,232.9,231.8,NA,NA,NA,NA
 2023/11/20 07:20:00, 37.0,311.7,  0.3,230.1, 50.02,    88,NA, 95292.0,     0.00, 33321,311.7,302.8,396.2,  0.0,  0.0,  0.1,     0,     0,    39,  0.3,  0.2,  0.3,230.1,232.7,231.7,NA,NA,NA,NA
 2023/11/20 07:20:30, 37.2,335.6,  0.4,230.1, 50.03,   107,NA, 95292.0,     0.00, 33321,335.6,441.7,403.5,  0.0,  0.0,  0.1,     0,     0,    40,  0.4,  0.4,  0.4,230.1,232.6,231.7,NA,NA,NA,NA
 2023/11/20 07:21:00, 37.2,264.8,  0.3,230.0, 50.06,    86,NA, 95292.0,     0.00, 33321,264.8,247.5,447.6,  0.0,  0.0,  0.1,     0,     0,    44,  0.3,  0.2,  0.3,230.0,232.5,231.5,NA,NA,NA,NA
 2023/11/20 07:21:30, 37.4,380.3,  0.2,229.6, 50.05,    78,NA, 95292.0,     0.00, 33321,380.3,238.2,412.2,  0.0,  0.0,  0.1,     0,     0,    41,  0.2,  0.2,  0.3,229.6,232.0,231.2,NA,NA,NA,NA
 2023/11/20 07:22:00, 37.5,219.9,  0.3,229.7, 50.03,   115,NA, 95292.0,     0.00, 33321,219.9,411.7,416.4,  0.0,  0.0,  0.1,     0,     0,    41,  0.3,  0.2,  0.3,229.7,232.3,231.3,NA,NA,NA,NA
 2023/11/20 07:22:30, 37.6,397.7,  0.3,230.1, 50.09,    98,NA, 95292.0,     0.00, 33321,397.7,339.8,454.6,  0.0,  0.0,  0.1,     0,     0,    45,  0.3,  0.3,  0.4,230.1,232.3,231.5,NA,NA,NA,NA
 2023/11/20 07:23:00, 37.6,251.5,  0.2,230.2, 50.02,    86,NA, 95292.0,     0.00, 33321,251.5,227.4,386.2,  0.0,  0.0,  0.1,     0,     0,    38,  0.2,  0.2,  0.2,230.2,232.1,231.3,NA,NA,NA,NA
 2023/11/20 07:23:30, 37.7,357.7,  0.3,229.8, 50.08,   103,NA, 95292.0,     0.00, 33321,357.7,288.0,429.9,  0.0,  0.0,  0.1,     0,     0,    42,  0.3,  0.3,  0.3,229.8,232.0,230.9,NA,NA,NA,NA
 2023/11/20 07:24:00, 37.8,285.4,  0.4,229.7, 50.01,   118,NA, 95292.0,     0.00, 33322,285.4,384.4,397.7,  0.0,  0.0,  0.1,     0,     0,    39,  0.4,  0.3,  0.4,229.7,232.1,230.7,NA,NA,NA,NA
 2023/11/20 07:24:30, 37.8,229.6,  0.4,229.6, 50.01,    94,NA, 95292.0,     0.00, 33322,229.6,244.7,447.1,  0.0,  0.0,  0.1,     0,     0,    44,  0.4,  0.4,  0.4,229.6,232.0,230.8,NA,NA,NA,NA
 2023/11/20 07:25:00, 37.9,221.1,  0.3,229.5, 50.00,   103,NA, 95292.0,     0.00, 33322,221.1,270.1,435.0,  0.0,  0.0,  0.1,     0,     0,    43,  0.3,  0.3,  0.3,229.5,231.9,230.9,NA,NA,NA,NA
 2023/11/20 07:25:30, 38.0,260.1,  0.3,229.6, 50.01,   124,NA, 95292.0,     0.00, 33322,260.1,438.2,399.5,  0.0,  0.0,  0.1,     0,     0,    39,  0.3,  0.2,  0.3,229.6,232.1,231.0,NA,NA,NA,NA
 2023/11/20 07:26:00, 38.1,246.4,  0.3,230.1, 50.02,   118,NA, 95292.0,     0.00, 33322,246.4,273.9,446.8,  0.0,  0.0,  0.1,     0,     0,    44,  0.3,  0.2,  0.2,230.1,232.6,231.6,NA,NA,NA,NA
 2023/11/20 07:26:30, 38.3,232.1,  0.4,229.5, 49.94,   112,NA, 95292.0,     0.00, 33322,232.1,270.1,412.9,  0.0,  0.0,  0.1,     0,     0,    41,  0.4,  0.4,  0.4,229.5,232.4,231.5,NA,NA,NA,NA
 2023/11/20 07:27:00, 38.3,229.5,  0.3,229.8, 49.93,   154,NA, 95292.0,     0.00, 33322,229.5,438.5,440.4,  0.0,  0.0,  0.1,     0,     0,    44,  0.3,  0.3,  0.3,229.8,232.5,231.5,NA,NA,NA,NA
 2023/11/20 07:27:30, 38.4,238.8,  0.3,230.3, 49.97,   142,NA, 95292.0,     0.00, 33322,238.8,312.6,456.1,  0.0,  0.0,  0.1,     0,     0,    45,  0.3,  0.2,  0.3,230.3,233.0,231.7,NA,NA,NA,NA
 2023/11/20 07:28:00, 38.5,256.3,  0.3,230.4, 49.98,   133,NA, 95292.0,     0.00, 33322,256.3,249.6,457.1,  0.0,  0.0,  0.1,     0,     0,    45,  0.3,  0.3,  0.3,230.4,232.9,231.8,NA,NA,NA,NA
 2023/11/20 07:28:30, 38.6,217.9,  0.4,230.3, 49.96,   185,NA, 95292.0,     0.00, 33322,217.9,408.2,448.0,  0.0,  0.0,  0.1,     0,     0,    44,  0.4,  0.3,  0.4,230.3,232.9,231.8,NA,NA,NA,NA
 2023/11/20 07:29:00, 38.6,274.1,  0.3,231.0, 49.96,   173,NA, 95292.0,     0.00, 33322,274.1,351.5,427.0,  0.0,  0.1,  0.2,     0,    35,    85,  0.3,  0.3,  0.3,231.0,232.7,231.7,NA,NA,NA,NA
 2023/11/20 07:29:30, 38.7,217.0,  0.5,231.1, 49.96,   194,NA, 95292.0,     0.00, 33322,217.0,456.0,465.1,  0.1,  0.0,  0.2,    21,     0,    93,  0.5,  0.4,  0.5,231.1,233.0,232.0,NA,NA,NA,NA
 2023/11/20 07:30:00, 38.8,252.2,  0.4,231.5, 49.99,   194,NA, 95292.0,     0.00, 33322,252.2,404.3,452.2,  0.0,  0.0,  0.2,     0,     0,    90,  0.4,  0.3,  0.4,231.5,233.4,232.1,NA,NA,NA,NA
 2023/11/20 07:30:30, 38.8,228.1,  0.5,231.2, 49.99,   182,NA, 95292.0,     0.00, 33322,228.1,367.0,427.2,  0.1,  0.1,  0.2,    22,    36,    85,  0.5,  0.4,  0.4,231.2,233.5,231.9,NA,NA,NA,NA
 2023/11/20 07:31:00, 39.0,250.5,  0.3,231.0, 50.00,   224,NA, 95292.0,     0.00, 33322,250.5,455.6,457.8,  0.1,  0.0,  0.2,    25,     0,    91,  0.3,  0.3,  0.3,231.0,233.1,231.8,NA,NA,NA,NA
 2023/11/20 07:31:30, 39.0,236.4,  0.4,231.0, 50.00,   192,NA, 95292.0,     0.00, 33322,236.4,375.6,463.8,  0.1,  0.1,  0.2,    23,    37,    92,  0.4,  0.4,  0.4,231.0,232.7,231.1,NA,NA,NA,NA
 2023/11/20 07:32:00, 39.1,245.2,  0.4,230.9, 50.01,   207,NA, 95292.0,     0.00, 33322,245.2,401.4,419.5,  0.0,  0.1,  0.2,     0,    40,    83,  0.4,  0.3,  0.4,230.9,232.7,231.3,NA,NA,NA,NA
 2023/11/20 07:32:30, 39.1,239.5,  0.4,230.7, 50.01,   212,NA, 95292.0,     0.00, 33322,239.5,392.2,454.8,  0.1,  0.1,  0.2,    23,    39,    90,  0.4,  0.3,  0.4,230.7,232.8,231.7,NA,NA,NA,NA
 2023/11/20 07:33:00, 39.2,241.9,  0.5,230.8, 50.01,   208,NA, 95292.0,     0.00, 33322,241.9,371.8,440.4,  0.1,  0.1,  0.2,    24,    37,    88,  0.5,  0.4,  0.4,230.8,232.6,230.9,NA,NA,NA,NA
 2023/11/20 07:33:30, 39.4,246.0,  0.5,229.9, 49.98,   257,NA, 95292.0,     0.00, 33322,246.0,412.2,432.0,  0.1,  0.1,  0.2,    24,    41,    86,  0.5,  0.5,  0.5,229.9,232.6,231.4,NA,NA,NA,NA
 2023/11/20 07:34:00, 39.4,243.9,  0.5,229.7, 49.97,   234,NA, 95292.0,     0.00, 33322,243.9,422.3,436.5,  0.1,  0.1,  0.2,    24,    42,    87,  0.5,  0.4,  0.5,229.7,232.4,231.5,NA,NA,NA,NA
 2023/11/20 07:34:30, 39.5,250.5,  0.4,229.7, 49.98,   240,NA, 95292.0,     0.00, 33322,250.5,448.4,438.2,  0.1,  0.1,  0.2,    25,    44,    87,  0.4,  0.3,  0.3,229.7,232.4,231.4,NA,NA,NA,NA
 2023/11/20 07:35:00, 39.6,248.0,  0.4,229.9, 50.00,   230,NA, 95292.0,     0.00, 33322,248.0,375.2,438.2,  0.1,  0.1,  0.2,    24,    37,    87,  0.4,  0.3,  0.4,229.9,232.3,231.3,NA,NA,NA,NA
 2023/11/20 07:35:30, 39.8,257.1,  0.5,229.8, 49.99,   240,NA, 95292.0,     0.00, 33322,257.1,388.2,460.8,  0.1,  0.1,  0.2,    25,    38,    92,  0.5,  0.4,  0.4,229.8,232.1,231.4,NA,NA,NA,NA
 2023/11/20 07:36:00, 39.7,250.2,  0.6,229.9, 50.01,   281,NA, 95292.0,     0.00, 33322,250.2,385.6,456.4,  0.1,  0.1,  0.2,    25,    38,    91,  0.6,  0.5,  0.5,229.9,232.4,231.3,NA,NA,NA,NA
 2023/11/20 07:36:30, 39.8,264.0,  0.8,230.1, 50.01,   320,NA, 95292.0,     0.00, 33322,264.0,433.3,435.4,  0.1,  0.1,  0.3,    26,    43,   130,  0.8,  0.7,  0.7,230.1,232.7,231.5,NA,NA,NA,NA
 2023/11/20 07:37:00, 39.9,238.2,  0.6,229.6, 50.01,   288,NA, 95292.0,     0.00, 33322,238.2,456.0,453.1,  0.1,  0.1,  0.3,    23,    45,   135,  0.6,  0.5,  0.5,229.6,232.5,231.4,NA,NA,NA,NA
 2023/11/20 07:37:30, 40.0,276.9,  0.4,229.6, 50.07,   284,NA, 95292.0,     0.00, 33322,276.9,410.2,450.3,  0.1,  0.1,  0.3,    27,    41,   135,  0.4,  0.4,  0.4,229.6,232.3,231.3,NA,NA,NA,NA
 2023/11/20 07:38:00, 40.1,227.5,  0.5,229.3, 50.03,   289,NA, 95292.0,     0.00, 33322,227.5,415.3,433.2,  0.1,  0.1,  0.3,    22,    41,   129,  0.5,  0.4,  0.5,229.3,232.1,231.0,NA,NA,NA,NA
 2023/11/20 07:38:30, 40.2,270.2,  0.5,229.5, 50.06,   313,NA, 95292.0,     0.00, 33322,270.2,456.7,442.2,  0.1,  0.1,  0.3,    27,    45,   132,  0.5,  0.4,  0.5,229.5,232.1,230.9,NA,NA,NA,NA
 2023/11/20 07:39:00, 40.4,264.8,  0.6,229.5, 49.97,   324,NA, 95292.0,     0.00, 33322,264.8,458.6,458.9,  0.1,  0.1,  0.3,    26,    45,   137,  0.6,  0.5,  0.6,229.5,231.9,230.8,NA,NA,NA,NA
 2023/11/20 07:39:30, 40.5,232.8,  0.5,229.3, 50.01,   323,NA, 95292.0,     0.00, 33322,232.8,462.0,462.9,  0.1,  0.1,  0.3,    23,    46,   138,  0.5,  0.4,  0.5,229.3,232.0,230.9,NA,NA,NA,NA
 2023/11/20 07:40:00, 40.6,223.1,  0.4,229.3, 50.00,   327,NA, 95292.0,     0.00, 33322,223.1,415.4,458.2,  0.1,  0.2,  0.3,    22,    83,   137,  0.4,  0.4,  0.4,229.3,231.9,230.9,NA,NA,NA,NA
 2023/11/20 07:40:30, 40.7,248.7,  0.5,229.6, 50.01,   340,NA, 95292.0,     0.00, 33322,248.7,454.5,465.8,  0.1,  0.2,  0.3,    24,    90,   139,  0.5,  0.4,  0.5,229.6,232.1,231.3,NA,NA,NA,NA
 2023/11/20 07:41:00, 40.7,278.6,  0.6,229.6, 50.01,   337,NA, 95292.0,     0.00, 33322,278.6,410.8,435.5,  0.1,  0.2,  0.3,    27,    82,   130,  0.6,  0.5,  0.5,229.6,232.1,231.3,NA,NA,NA,NA
 2023/11/20 07:41:30, 40.9,273.1,  0.6,229.4, 50.03,   352,NA, 95292.1,     0.10, 33322,273.1,458.4,454.1,  0.1,  0.2,  0.3,    27,    91,   136,  0.6,  0.5,  0.5,229.4,232.1,231.1,NA,NA,NA,NA
 2023/11/20 07:42:00, 40.9,247.8,  0.6,229.9, 49.93,   359,NA, 95292.1,     0.10, 33322,247.8,431.0,464.9,  0.1,  0.2,  0.3,    24,    86,   139,  0.6,  0.5,  0.6,229.9,232.6,232.0,NA,NA,NA,NA
 2023/11/20 07:42:30, 41.1,228.9,  0.6,230.3, 50.01,   355,NA, 95292.1,     0.10, 33322,228.9,415.8,452.8,  0.2,  0.2,  0.3,    45,    83,   135,  0.6,  0.5,  0.5,230.3,233.3,232.3,NA,NA,NA,NA
 2023/11/20 07:43:00, 41.1,217.1,  0.8,230.5, 50.04,   365,NA, 95292.1,     0.10, 33322,217.1,459.2,454.4,  0.2,  0.2,  0.3,    43,    91,   136,  0.8,  0.7,  0.8,230.5,233.5,232.3,NA,NA,NA,NA
 2023/11/20 07:43:30, 41.3,235.1,  0.6,230.1, 50.03,   371,NA, 95292.1,     0.10, 33322,235.1,405.3,451.1,  0.2,  0.2,  0.3,    47,    81,   135,  0.6,  0.5,  0.6,230.1,233.3,232.0,NA,NA,NA,NA
 2023/11/20 07:44:00, 41.4,251.2,  0.6,229.9, 50.04,   367,NA, 95292.1,     0.10, 33322,251.2,456.4,432.0,  0.1,  0.2,  0.4,    25,    91,   172,  0.6,  0.5,  0.6,229.9,233.2,232.1,NA,NA,NA,NA
 2023/11/20 07:44:30, 41.4,274.4,  0.6,230.3, 50.10,   376,NA, 95292.1,     0.10, 33322,274.4,430.1,452.4,  0.1,  0.2,  0.4,    27,    86,   180,  0.6,  0.5,  0.5,230.3,233.4,232.1,NA,NA,NA,NA
 2023/11/20 07:45:00, 41.6,274.4,  0.6,230.5, 50.09,   377,NA, 95292.1,     0.10, 33322,274.4,427.4,457.9,  0.1,  0.2,  0.3,    27,    85,   137,  0.6,  0.5,  0.5,230.5,233.0,232.0,NA,NA,NA,NA
 2023/11/20 07:45:30, 41.7,255.7,  0.7,231.1, 50.03,   375,NA, 95292.1,     0.10, 33322,255.7,456.0,467.2,  0.1,  0.2,  0.3,    25,    91,   140,  0.7,  0.5,  0.6,231.1,233.4,232.0,NA,NA,NA,NA
 2023/11/20 07:46:00, 41.7,236.4,  0.6,230.1, 50.03,   377,NA, 95292.1,     0.10, 33322,236.4,464.4,461.3,  0.2,  0.2,  0.3,    47,    92,   138,  0.6,  0.5,  0.6,230.1,232.2,231.1,NA,NA,NA,NA
 2023/11/20 07:46:30, 41.9,224.4,  0.5,230.1, 50.04,   368,NA, 95292.1,     0.10, 33322,224.4,452.6,463.8,  0.2,  0.2,  0.3,    44,    90,   139,  0.5,  0.4,  0.5,230.1,232.3,231.1,NA,NA,NA,NA
 2023/11/20 07:47:00, 42.0,243.2,  0.6,230.2, 50.04,   355,NA, 95292.1,     0.10, 33322,243.2,414.4,452.0,  0.1,  0.2,  0.4,    24,    82,   180,  0.6,  0.5,  0.6,230.2,232.3,231.1,NA,NA,NA,NA
 2023/11/20 07:47:30, 42.0,256.8,  0.6,230.0, 50.07,   356,NA, 95292.1,     0.10, 33322,256.8,447.0,459.8,  0.1,  0.2,  0.3,    25,    89,   137,  0.6,  0.5,  0.6,230.0,232.1,230.9,NA,NA,NA,NA
 2023/11/20 07:48:00, 42.2,240.2,  0.5,230.2, 50.04,   335,NA, 95292.1,     0.10, 33322,240.2,399.4,457.1,  0.1,  0.2,  0.3,    24,    79,   137,  0.5,  0.4,  0.4,230.2,231.9,230.7,NA,NA,NA,NA
 2023/11/20 07:48:30, 42.2,238.8,  0.5,230.2, 50.02,   340,NA, 95292.1,     0.10, 33322,238.8,455.3,444.4,  0.1,  0.2,  0.3,    23,    91,   133,  0.5,  0.4,  0.5,230.2,232.0,230.8,NA,NA,NA,NA
 2023/11/20 07:49:00, 42.3,225.9,  0.5,230.3, 50.04,   324,NA, 95292.1,     0.10, 33322,225.9,440.8,435.0,  0.1,  0.2,  0.3,    22,    88,   130,  0.5,  0.4,  0.5,230.3,232.0,231.0,NA,NA,NA,NA
 2023/11/20 07:49:30, 42.3,255.6,  0.5,230.7, 50.06,   304,NA, 95292.1,     0.10, 33322,255.6,414.1,423.6,  0.1,  0.2,  0.3,    25,    82,   127,  0.5,  0.4,  0.5,230.7,233.3,231.9,NA,NA,NA,NA
 2023/11/20 07:50:00, 42.5,253.1,  0.6,231.2, 50.05,   310,NA, 95292.1,     0.10, 33322,253.1,450.9,459.3,  0.1,  0.1,  0.3,    25,    45,   137,  0.6,  0.5,  0.6,231.2,233.8,232.5,NA,NA,NA,NA
 2023/11/20 07:50:30, 42.6,243.4,  0.5,231.2, 50.10,   299,NA, 95292.1,     0.10, 33322,243.4,400.0,438.6,  0.1,  0.2,  0.3,    24,    80,   131,  0.5,  0.4,  0.5,231.2,233.6,231.7,NA,NA,NA,NA
 2023/11/20 07:51:00, 42.6,235.4,  0.5,231.0, 50.06,   278,NA, 95292.1,     0.10, 33322,235.4,454.5,450.1,  0.1,  0.1,  0.3,    23,    45,   135,  0.5,  0.5,  0.5,231.0,233.4,232.2,NA,NA,NA,NA
 2023/11/20 07:51:30, 42.6,216.7,  0.5,231.6, 50.07,   279,NA, 95292.1,     0.10, 33322,216.7,407.9,441.1,  0.1,  0.1,  0.3,    21,    40,   132,  0.5,  0.4,  0.5,231.6,233.9,232.7,NA,NA,NA,NA
 2023/11/20 07:52:00, 42.7,213.5,  0.4,231.1, 50.08,   270,NA, 95292.1,     0.10, 33322,213.5,413.8,452.2,  0.1,  0.1,  0.3,    21,    41,   135,  0.4,  0.4,  0.4,231.1,233.8,232.7,NA,NA,NA,NA
 2023/11/20 07:52:30, 42.9,231.9,  0.5,231.1, 50.05,   277,NA, 95292.1,     0.10, 33322,231.9,449.1,450.1,  0.1,  0.1,  0.3,    23,    44,   135,  0.5,  0.4,  0.5,231.1,233.6,232.5,NA,NA,NA,NA
 2023/11/20 07:53:00, 42.9,264.8,  0.4,231.1, 50.03,   272,NA, 95292.1,     0.10, 33322,264.8,420.0,448.8,  0.1,  0.1,  0.3,    26,    42,   134,  0.4,  0.3,  0.4,231.1,233.5,232.6,NA,NA,NA,NA
 2023/11/20 07:53:30, 42.9,222.9,  0.4,231.1, 50.08,   257,NA, 95292.1,     0.10, 33322,222.9,407.6,422.6,  0.1,  0.1,  0.3,    22,    40,   126,  0.4,  0.3,  0.4,231.1,233.5,232.5,NA,NA,NA,NA
 2023/11/20 07:54:00, 43.1,256.1,  0.5,230.9, 50.04,   261,NA, 95292.1,     0.10, 33322,256.1,384.5,435.0,  0.1,  0.1,  0.3,    25,    38,   130,  0.5,  0.4,  0.5,230.9,232.9,232.2,NA,NA,NA,NA
 2023/11/20 07:54:30, 43.1,242.8,  0.5,231.0, 50.08,   268,NA, 95292.1,     0.10, 33322,242.8,409.6,439.4,  0.1,  0.1,  0.3,    24,    40,   131,  0.5,  0.5,  0.5,231.0,233.1,232.2,NA,NA,NA,NA
 2023/11/20 07:55:00, 43.1,245.0,  0.5,230.8, 50.02,   275,NA, 95292.1,     0.10, 33322,245.0,450.2,456.4,  0.1,  0.1,  0.3,    24,    45,   136,  0.5,  0.4,  0.5,230.8,233.1,232.0,NA,NA,NA,NA
 2023/11/20 07:55:30, 43.2,263.8,  0.5,230.8, 50.02,   289,NA, 95292.1,     0.10, 33322,263.8,452.2,460.5,  0.1,  0.1,  0.3,    26,    45,   138,  0.5,  0.4,  0.4,230.8,233.1,231.9,NA,NA,NA,NA
 2023/11/20 07:56:00, 43.3,239.0,  0.5,230.4, 50.04,   296,NA, 95292.1,     0.10, 33322,239.0,443.9,452.3,  0.1,  0.1,  0.3,    23,    44,   135,  0.5,  0.4,  0.5,230.4,233.0,231.7,NA,NA,NA,NA
 2023/11/20 07:56:30, 43.4,267.6,  0.5,230.5, 50.04,   301,NA, 95292.1,     0.10, 33322,267.6,462.2,440.3,  0.1,  0.1,  0.3,    26,    46,   132,  0.5,  0.4,  0.5,230.5,233.2,231.8,NA,NA,NA,NA
 2023/11/20 07:57:00, 43.4,237.1,  0.5,230.3, 49.98,   294,NA, 95292.1,     0.10, 33322,237.1,414.1,435.7,  0.1,  0.2,  0.3,    23,    82,   130,  0.5,  0.4,  0.5,230.3,233.1,231.8,NA,NA,NA,NA
 2023/11/20 07:57:30, 43.5,268.0,  0.6,230.4, 50.05,   313,NA, 95292.1,     0.10, 33322,268.0,458.4,453.4,  0.1,  0.1,  0.3,    26,    45,   136,  0.6,  0.5,  0.5,230.4,233.3,232.0,NA,NA,NA,NA
 2023/11/20 07:58:00, 43.6,244.1,  0.5,229.8, 50.06,   310,NA, 95292.1,     0.10, 33322,244.1,433.2,456.0,  0.1,  0.2,  0.3,    24,    86,   136,  0.5,  0.4,  0.5,229.8,233.1,231.7,NA,NA,NA,NA
 2023/11/20 07:58:30, 43.7,267.7,  0.6,230.2, 50.03,   315,NA, 95292.1,     0.10, 33322,267.7,413.6,446.2,  0.1,  0.2,  0.3,    26,    82,   133,  0.6,  0.4,  0.5,230.2,233.0,231.6,NA,NA,NA,NA
 2023/11/20 07:59:00, 43.7,255.1,  0.5,230.0, 50.11,   318,NA, 95292.1,     0.10, 33322,255.1,412.8,439.8,  0.1,  0.2,  0.3,    25,    82,   131,  0.5,  0.4,  0.5,230.0,233.4,231.9,NA,NA,NA,NA
 2023/11/20 07:59:30, 43.8,261.1,  0.6,230.2, 50.11,   320,NA, 95292.1,     0.10, 33322,261.1,450.8,435.6,  0.1,  0.2,  0.3,    26,    90,   130,  0.6,  0.5,  0.5,230.2,232.7,231.7,NA,NA,NA,NA
 2023/11/20 08:00:00, 43.9,269.1,  0.5,230.2, 50.06,   311,NA, 95292.1,     0.10, 33322,269.1,395.6,426.5,  0.1,  0.2,  0.3,    26,    79,   127,  0.5,  0.4,  0.5,230.2,232.7,231.8,NA,NA,NA,NA
 2023/11/20 08:00:30, 44.0,238.8,  0.5,230.0, 50.09,   319,NA, 95292.2,     0.20, 33322,238.8,416.1,451.5,  0.1,  0.2,  0.3,    23,    83,   135,  0.5,  0.4,  0.5,230.0,232.9,231.7,NA,NA,NA,NA
 2023/11/20 08:01:00, 44.0,280.9,  0.6,230.2, 50.13,   332,NA, 95292.2,     0.20, 33322,280.9,435.9,454.9,  0.1,  0.2,  0.3,    28,    87,   136,  0.6,  0.5,  0.6,230.2,232.7,231.9,NA,NA,NA,NA
 2023/11/20 08:01:30, 44.1,230.5,  0.6,230.6, 50.05,   332,NA, 95292.2,     0.20, 33322,230.5,449.0,428.3,  0.1,  0.2,  0.3,    23,    89,   128,  0.6,  0.5,  0.6,230.6,232.5,231.8,NA,NA,NA,NA
 2023/11/20 08:02:00, 44.1,262.5,  0.6,230.4, 50.08,   342,NA, 95292.2,     0.20, 33322,262.5,445.2,444.8,  0.1,  0.2,  0.3,    26,    89,   133,  0.6,  0.5,  0.5,230.4,232.4,232.0,NA,NA,NA,NA
 2023/11/20 08:02:30, 44.1,279.1,  0.5,230.6, 50.09,   333,NA, 95292.2,     0.20, 33322,279.1,427.1,462.8,  0.1,  0.2,  0.3,    27,    85,   138,  0.5,  0.4,  0.5,230.6,232.4,232.1,NA,NA,NA,NA
 2023/11/20 08:03:00, 44.2,217.7,  0.6,230.6, 50.09,   345,NA, 95292.2,     0.20, 33322,217.7,434.2,452.5,  0.1,  0.2,  0.3,    21,    86,   135,  0.6,  0.5,  0.6,230.6,232.5,231.9,NA,NA,NA,NA
 2023/11/20 08:03:30, 44.3,269.3,  0.4,230.6, 50.06,   340,NA, 95292.2,     0.20, 33322,269.3,417.3,427.6,  0.1,  0.2,  0.4,    26,    83,   171,  0.4,  0.4,  0.4,230.6,232.8,232.2,NA,NA,NA,NA
 2023/11/20 08:04:00, 44.4,279.5,  0.7,230.7, 50.03,   376,NA, 95292.2,     0.20, 33322,279.5,447.3,453.4,  0.1,  0.2,  0.4,    27,    89,   181,  0.7,  0.6,  0.6,230.7,232.7,232.0,NA,NA,NA,NA
 2023/11/20 08:04:30, 44.5,241.6,  0.6,230.3, 50.01,   366,NA, 95292.2,     0.20, 33322,241.6,432.7,433.7,  0.1,  0.2,  0.4,    24,    86,   173,  0.6,  0.5,  0.5,230.3,232.4,231.6,NA,NA,NA,NA
 2023/11/20 08:05:00, 44.5,223.4,  0.6,229.8, 49.91,   385,NA, 95292.2,     0.20, 33322,223.4,440.3,460.5,  0.2,  0.2,  0.4,    44,    88,   184,  0.6,  0.5,  0.6,229.8,232.2,231.6,NA,NA,NA,NA
 2023/11/20 08:05:30, 44.5,262.2,  0.6,229.7, 49.96,   397,NA, 95292.2,     0.20, 33322,262.2,452.2,434.7,  0.1,  0.2,  0.4,    26,    90,   173,  0.6,  0.5,  0.6,229.7,232.1,231.3,NA,NA,NA,NA
 2023/11/20 08:06:00, 44.6,284.0,  0.6,229.3, 49.94,   399,NA, 95292.2,     0.20, 33322,284.0,441.7,460.0,  0.1,  0.2,  0.4,    28,    88,   184,  0.6,  0.5,  0.6,229.3,232.6,231.6,NA,NA,NA,NA
 2023/11/20 08:06:30, 44.7,272.1,  0.7,229.5, 49.98,   412,NA, 95292.2,     0.20, 33322,272.1,460.4,455.5,  0.1,  0.2,  0.4,    27,    92,   182,  0.7,  0.6,  0.6,229.5,232.6,231.6,NA,NA,NA,NA
 2023/11/20 08:07:00, 44.7,244.5,  0.6,229.9, 50.00,   411,NA, 95292.2,     0.20, 33322,244.5,456.6,445.3,  0.1,  0.2,  0.4,    24,    91,   178,  0.6,  0.5,  0.5,229.9,232.9,231.7,NA,NA,NA,NA
 2023/11/20 08:07:30, 44.9,228.5,  0.6,229.9, 50.00,   395,NA, 95292.2,     0.20, 33322,228.5,430.5,438.7,  0.2,  0.3,  0.4,    45,   129,   175,  0.6,  0.5,  0.6,229.9,233.0,231.5,NA,NA,NA,NA
 2023/11/20 08:08:00, 44.9,212.9,  0.6,229.9, 50.01,   380,NA, 95292.2,     0.20, 33322,212.9,418.2,440.3,  0.2,  0.3,  0.4,    42,   125,   176,  0.6,  0.5,  0.6,229.9,233.1,231.7,NA,NA,NA,NA
 2023/11/20 08:08:30, 45.0,230.7,  0.7,230.3, 50.09,   388,NA, 95292.2,     0.20, 33322,230.7,415.1,437.8,  0.2,  0.2,  0.4,    46,    83,   175,  0.7,  0.6,  0.6,230.3,233.5,231.5,NA,NA,NA,NA
 2023/11/20 08:09:00, 45.0,243.5,  0.7,230.0, 50.09,   391,NA, 95292.2,     0.20, 33322,243.5,441.7,444.6,  0.1,  0.2,  0.4,    24,    88,   177,  0.7,  0.6,  0.6,230.0,233.4,232.4,NA,NA,NA,NA
 2023/11/20 08:09:30, 45.1,279.3,  0.6,230.0, 50.09,   411,NA, 95292.2,     0.20, 33322,279.3,442.2,446.4,  0.1,  0.2,  0.4,    27,    88,   178,  0.6,  0.5,  0.6,230.0,233.4,232.0,NA,NA,NA,NA
 2023/11/20 08:10:00, 45.2,284.7,  0.7,230.3, 50.11,   427,NA, 95292.2,     0.20, 33322,284.7,461.4,456.2,  0.1,  0.2,  0.4,    28,    92,   182,  0.7,  0.5,  0.6,230.3,233.9,232.4,NA,NA,NA,NA
 2023/11/20 08:10:30, 45.3,266.8,  0.8,230.5, 50.12,   431,NA, 95292.2,     0.20, 33322,266.8,460.2,447.1,  0.1,  0.2,  0.4,    26,    92,   178,  0.8,  0.7,  0.7,230.5,233.7,232.3,NA,NA,NA,NA
 2023/11/20 08:11:00, 45.4,253.9,  0.7,230.4, 50.12,   423,NA, 95292.2,     0.20, 33322,253.9,422.3,451.9,  0.1,  0.3,  0.4,    25,   126,   180,  0.7,  0.6,  0.7,230.4,234.0,232.6,NA,NA,NA,NA
 2023/11/20 08:11:30, 45.3,266.1,  0.7,230.5, 50.12,   416,NA, 95292.2,     0.20, 33322,266.1,405.1,443.1,  0.1,  0.3,  0.4,    26,   121,   177,  0.7,  0.6,  0.7,230.5,234.0,232.6,NA,NA,NA,NA
 2023/11/20 08:12:00, 45.4,278.5,  0.6,230.6, 50.12,   430,NA, 95292.2,     0.20, 33322,278.5,405.2,463.5,  0.1,  0.3,  0.4,    27,   121,   185,  0.6,  0.5,  0.6,230.6,234.0,232.6,NA,NA,NA,NA
 2023/11/20 08:12:30, 45.5,268.5,  0.7,230.7, 50.11,   470,NA, 95292.2,     0.20, 33322,268.5,432.4,446.3,  0.2,  0.3,  0.5,    53,   129,   223,  0.7,  0.6,  0.7,230.7,234.1,232.7,NA,NA,NA,NA
 2023/11/20 08:13:00, 45.5,245.2,  0.9,230.4, 50.16,   493,NA, 95292.2,     0.20, 33322,245.2,462.3,464.0,  0.2,  0.3,  0.5,    49,   138,   232,  0.9,  0.8,  0.9,230.4,234.0,232.7,NA,NA,NA,NA
 2023/11/20 08:13:30, 45.7,239.9,  0.9,230.7, 50.10,   494,NA, 95292.2,     0.20, 33322,239.9,447.0,438.0,  0.2,  0.3,  0.5,    47,   134,   219,  0.9,  0.7,  0.8,230.7,234.5,232.9,NA,NA,NA,NA
 2023/11/20 08:14:00, 45.7,253.5,  0.8,230.8, 50.18,   495,NA, 95292.2,     0.20, 33322,253.5,432.5,452.5,  0.2,  0.3,  0.5,    50,   129,   226,  0.8,  0.7,  0.7,230.8,234.4,232.7,NA,NA,NA,NA
 2023/11/20 08:14:30, 45.8,235.6,  0.8,230.7, 50.15,   500,NA, 95292.2,     0.20, 33322,235.6,430.2,462.1,  0.2,  0.4,  0.5,    47,   172,   231,  0.8,  0.7,  0.8,230.7,234.2,232.7,NA,NA,NA,NA
 2023/11/20 08:15:00, 45.9,250.8,  0.9,230.9, 50.15,   522,NA, 95292.3,     0.30, 33322,250.8,444.4,450.6,  0.2,  0.4,  0.5,    50,   177,   225,  0.9,  0.7,  0.8,230.9,234.4,233.0,NA,NA,NA,NA
 2023/11/20 08:15:30, 45.9,226.3,  0.8,231.1, 50.21,   518,NA, 95292.3,     0.30, 33322,226.3,456.6,459.9,  0.2,  0.3,  0.5,    45,   136,   229,  0.8,  0.7,  0.8,231.1,234.3,233.1,NA,NA,NA,NA
 2023/11/20 08:16:00, 46.0,230.6,  0.8,231.3, 50.17,   514,NA, 95292.3,     0.30, 33322,230.6,424.4,464.1,  0.2,  0.4,  0.5,    46,   169,   232,  0.8,  0.7,  0.7,231.3,234.1,233.2,NA,NA,NA,NA
 2023/11/20 08:16:30, 46.0,261.9,  0.8,231.5, 50.16,   545,NA, 95292.3,     0.30, 33322,261.9,416.5,461.0,  0.2,  0.4,  0.5,    52,   166,   230,  0.8,  0.7,  0.8,231.5,234.6,233.2,NA,NA,NA,NA
 2023/11/20 08:17:00, 46.1,288.3,  0.9,231.4, 50.19,   530,NA, 95292.3,     0.30, 33322,288.3,453.9,460.1,  0.2,  0.3,  0.5,    57,   136,   230,  0.9,  0.9,  0.9,231.4,234.5,233.3,NA,NA,NA,NA
 2023/11/20 08:17:30, 46.1,288.4,  0.8,232.1, 50.16,   502,NA, 95292.3,     0.30, 33322,288.4,415.9,463.5,  0.2,  0.4,  0.5,    57,   166,   231,  0.8,  0.6,  0.7,232.1,234.4,233.4,NA,NA,NA,NA
 2023/11/20 08:18:00, 46.2,285.8,  0.7,232.2, 50.17,   510,NA, 95292.3,     0.30, 33322,285.8,438.0,464.8,  0.2,  0.4,  0.5,    57,   175,   232,  0.7,  0.6,  0.7,232.2,234.2,233.4,NA,NA,NA,NA
 2023/11/20 08:18:30, 46.3,255.5,  0.8,232.1, 50.17,   513,NA, 95292.3,     0.30, 33322,255.5,450.5,453.2,  0.2,  0.3,  0.5,    51,   135,   226,  0.8,  0.7,  0.7,232.1,234.2,233.3,NA,NA,NA,NA
 2023/11/20 08:19:00, 46.3,281.7,  0.8,231.9, 50.14,   512,NA, 95292.3,     0.30, 33322,281.7,441.3,463.5,  0.2,  0.3,  0.5,    56,   132,   231,  0.8,  0.7,  0.8,231.9,234.2,233.4,NA,NA,NA,NA
 2023/11/20 08:19:30, 46.4,283.3,  0.8,231.8, 50.16,   508,NA, 95292.3,     0.30, 33322,283.3,433.0,466.5,  0.2,  0.4,  0.5,    56,   173,   233,  0.8,  0.7,  0.7,231.8,234.0,233.4,NA,NA,NA,NA
 2023/11/20 08:20:00, 46.5,251.3,  0.8,231.8, 50.14,   507,NA, 95292.3,     0.30, 33322,251.3,451.5,447.6,  0.2,  0.3,  0.5,    50,   135,   223,  0.8,  0.7,  0.8,231.8,234.1,233.2,NA,NA,NA,NA
 2023/11/20 08:20:30, 46.6,265.4,  0.8,231.5, 50.06,   515,NA, 95292.3,     0.30, 33322,265.4,456.6,441.1,  0.2,  0.3,  0.5,    53,   136,   220,  0.8,  0.7,  0.7,231.5,234.0,233.0,NA,NA,NA,NA
 2023/11/20 08:21:00, 46.6,275.2,  0.7,230.9, 50.05,   526,NA, 95292.3,     0.30, 33322,275.2,433.6,467.9,  0.2,  0.4,  0.5,    55,   173,   233,  0.7,  0.6,  0.7,230.9,233.5,232.5,NA,NA,NA,NA
 2023/11/20 08:21:30, 46.6,270.5,  0.9,230.2, 49.98,   531,NA, 95292.3,     0.30, 33322,270.5,428.8,454.6,  0.2,  0.4,  0.5,    54,   171,   227,  0.9,  0.8,  0.8,230.2,233.4,232.3,NA,NA,NA,NA
 2023/11/20 08:22:00, 46.7,302.9,  0.8,230.0, 49.96,   554,NA, 95292.3,     0.30, 33322,302.9,418.8,464.0,  0.2,  0.4,  0.5,    60,   167,   232,  0.8,  0.7,  0.8,230.0,233.1,232.1,NA,NA,NA,NA
 2023/11/20 08:22:30, 46.8,229.9,  0.9,230.3, 49.99,   559,NA, 95292.3,     0.30, 33322,229.9,423.2,440.3,  0.3,  0.4,  0.6,    68,   169,   264,  0.9,  0.7,  0.8,230.3,233.4,232.0,NA,NA,NA,NA
 2023/11/20 08:23:00, 46.8,232.6,  1.0,229.9, 49.93,   592,NA, 95292.3,     0.30, 33322,232.6,444.2,453.1,  0.3,  0.4,  0.6,    69,   177,   271,  1.0,  0.9,  0.9,229.9,232.8,231.6,NA,NA,NA,NA
 2023/11/20 08:23:30, 47.0,318.1,  1.0,229.9, 49.94,   622,NA, 95292.3,     0.30, 33322,318.1,422.8,458.4,  0.2,  0.5,  0.6,    63,   211,   275,  1.0,  0.9,  1.0,229.9,232.8,231.6,NA,NA,NA,NA
 2023/11/20 08:24:00, 47.0,256.7,  1.0,229.7, 49.99,   670,NA, 95292.3,     0.30, 33323,256.7,403.9,464.9,  0.3,  0.5,  0.7,    77,   201,   325,  1.0,  0.9,  1.0,229.7,233.2,231.8,NA,NA,NA,NA
 2023/11/20 08:24:30, 47.1,236.5,  1.1,229.9, 49.98,   714,NA, 95292.3,     0.30, 33323,236.5,443.2,468.2,  0.4,  0.6,  0.7,    94,   265,   327,  1.1,  1.0,  1.1,229.9,233.0,231.7,NA,NA,NA,NA
 2023/11/20 08:25:00, 47.1,265.2,  1.2,229.8, 49.93,   708,NA, 95292.3,     0.30, 33323,265.2,464.7,462.7,  0.3,  0.5,  0.7,    79,   232,   323,  1.2,  1.1,  1.2,229.8,233.0,231.7,NA,NA,NA,NA
 2023/11/20 08:25:30, 47.1,234.1,  1.1,229.8, 49.98,   715,NA, 95292.3,     0.30, 33323,234.1,409.4,454.3,  0.4,  0.6,  0.7,    93,   245,   318,  1.1,  1.0,  1.1,229.8,232.7,231.6,NA,NA,NA,NA
 2023/11/20 08:26:00, 47.2,325.3,  1.3,230.0, 50.02,   834,NA, 95292.4,     0.40, 33323,325.3,462.8,363.8,  0.4,  0.7,  0.9,   130,   323,   327,  1.3,  1.2,  1.3,230.0,233.1,231.2,NA,NA,NA,NA
 2023/11/20 08:26:30, 47.3,342.5,  1.5,230.3, 50.01,   981,NA, 95292.4,     0.40, 33323,342.5,412.9,447.8,  0.4,  0.9,  1.0,   137,   371,   447,  1.5,  1.3,  1.4,230.3,233.2,231.2,NA,NA,NA,NA
 2023/11/20 08:27:00, 47.3,260.1,  1.8,230.0, 50.03,  1162,NA, 95292.4,     0.40, 33323,260.1,457.9,406.3,  0.6,  1.0,  1.2,   156,   457,   487,  1.8,  1.6,  1.7,230.0,233.1,231.9,NA,NA,NA,NA
 2023/11/20 08:27:30, 47.4,242.0,  2.1,230.1, 50.06,  1331,NA, 95292.4,     0.40, 33323,242.0,373.2,320.9,  0.9,  1.6,  1.7,   217,   597,   545,  2.1,  1.9,  2.0,230.1,233.2,232.3,NA,NA,NA,NA
 2023/11/20 08:28:00, 47.6,272.8,  2.8,230.4, 50.09,  1863,NA, 95292.4,     0.40, 33323,272.8,436.6,411.9,  1.0,  1.8,  2.0,   272,   785,   823,  2.8,  2.6,  2.7,230.4,233.3,232.2,NA,NA,NA,NA
 2023/11/20 08:28:30, 47.7,288.2,  3.2,230.5, 50.03,  2137,NA, 95292.4,     0.40, 33323,288.2,443.4,460.7,  1.0,  1.9,  2.1,   288,   842,   967,  3.2,  3.0,  3.0,230.5,233.3,232.6,NA,NA,NA,NA
 2023/11/20 08:29:00, 47.9,313.9,  3.3,230.2, 50.07,  2249,NA, 95292.4,     0.40, 33323,313.9,466.3,471.9,  1.0,  2.0,  2.1,   313,   932,   990,  3.3,  3.1,  3.2,230.2,233.2,232.4,NA,NA,NA,NA
 2023/11/20 08:29:30, 48.1,299.0,  3.3,230.2, 50.09,  2279,NA, 95292.5,     0.50, 33323,299.0,468.1,462.0,  1.0,  2.0,  2.2,   299,   936,  1016,  3.3,  3.1,  3.2,230.2,232.8,232.4,NA,NA,NA,NA
 2023/11/20 08:30:00, 48.3,282.7,  3.2,230.2, 50.07,  2253,NA, 95292.5,     0.50, 33323,282.7,457.0,467.2,  1.1,  2.0,  2.2,   310,   914,  1027,  3.2,  3.1,  3.2,230.2,232.9,232.5,NA,NA,NA,NA
 2023/11/20 08:30:30, 48.4,284.1,  3.4,230.2, 50.08,  2350,NA, 95292.5,     0.50, 33323,284.1,470.3,464.3,  1.1,  2.0,  2.3,   312,   940,  1067,  3.4,  3.3,  3.3,230.2,232.6,232.5,NA,NA,NA,NA
 2023/11/20 08:31:00, 48.6,287.2,  3.4,230.4, 50.08,  2330,NA, 95292.5,     0.50, 33323,287.2,468.0,461.8,  1.1,  2.0,  2.2,   315,   936,  1015,  3.4,  3.2,  3.3,230.4,232.6,232.6,NA,NA,NA,NA
 2023/11/20 08:31:30, 48.8,289.1,  3.5,229.5, 50.10,  2318,NA, 95292.5,     0.50, 33323,289.1,459.6,464.0,  1.0,  2.1,  2.2,   289,   965,  1020,  3.5,  3.4,  3.4,229.5,232.1,232.3,NA,NA,NA,NA
 2023/11/20 08:32:00, 49.0,314.9,  3.4,229.7, 50.14,  2332,NA, 95292.5,     0.50, 33323,314.9,473.4,462.7,  1.0,  2.0,  2.3,   314,   946,  1064,  3.4,  3.3,  3.3,229.7,231.9,232.1,NA,NA,NA,NA
 2023/11/20 08:32:30, 49.1,310.7,  3.3,233.1, 50.01,  2312,NA, 95292.6,     0.60, 33323,310.7,471.5,461.7,  1.0,  2.0,  2.2,   310,   943,  1015,  3.3,  3.2,  3.2,233.1,235.6,235.6,NA,NA,NA,NA
 2023/11/20 08:33:00, 49.3,275.2,  3.3,233.5, 50.03,  2304,NA, 95292.6,     0.60, 33323,275.2,463.9,451.4,  1.1,  2.0,  2.3,   302,   927,  1038,  3.3,  3.2,  3.3,233.5,235.3,235.5,NA,NA,NA,NA
 2023/11/20 08:33:30, 49.5,300.0,  3.4,233.6, 50.02,  2323,NA, 95292.6,     0.60, 33323,300.0,467.0,457.0,  1.0,  2.1,  2.3,   300,   980,  1051,  3.4,  3.3,  3.3,233.6,235.2,235.4,NA,NA,NA,NA
 2023/11/20 08:34:00, 49.7,316.3,  3.3,233.7, 50.00,  2305,NA, 95292.6,     0.60, 33323,316.3,458.2,461.5,  1.0,  2.1,  2.2,   316,   962,  1015,  3.3,  3.2,  3.2,233.7,235.4,235.6,NA,NA,NA,NA
 2023/11/20 08:34:30, 49.9,320.5,  3.2,233.6, 50.03,  2298,NA, 95292.6,     0.60, 33323,320.5,461.7,457.9,  0.9,  2.1,  2.3,   288,   969,  1053,  3.2,  3.1,  3.1,233.6,235.4,235.6,NA,NA,NA,NA
 2023/11/20 08:35:00, 50.0,321.7,  3.3,233.2, 49.98,  2298,NA, 95292.7,     0.70, 33323,321.7,459.1,456.3,  0.9,  2.0,  2.3,   289,   918,  1049,  3.3,  3.3,  3.3,233.2,235.2,235.4,NA,NA,NA,NA
 2023/11/20 08:35:30, 49.6,307.2,  3.3,233.5, 50.01,  2295,NA, 95292.7,     0.70, 33323,307.2,456.9,458.9,  1.0,  2.1,  2.3,   307,   959,  1055,  3.3,  3.2,  3.2,233.5,235.0,235.3,NA,NA,NA,NA
 2023/11/20 08:36:00, 49.1,316.8,  3.3,232.7, 49.99,  2220,NA, 95292.7,     0.70, 33323,316.8,454.6,450.7,  0.9,  2.0,  2.2,   285,   909,   991,  3.3,  3.2,  3.2,232.7,234.9,234.6,NA,NA,NA,NA
 2023/11/20 08:36:30, 48.6,301.9,  3.2,232.7, 49.98,  2177,NA, 95292.7,     0.70, 33323,301.9,461.2,454.9,  0.9,  2.0,  2.2,   271,   922,  1000,  3.2,  3.0,  3.1,232.7,235.2,234.6,NA,NA,NA,NA
 2023/11/20 08:37:00, 48.1,313.7,  3.2,231.9, 50.01,  2185,NA, 95292.7,     0.70, 33323,313.7,449.5,451.3,  0.9,  2.0,  2.2,   282,   899,   992,  3.2,  3.0,  3.1,231.9,235.6,235.4,NA,NA,NA,NA
 2023/11/20 08:37:30, 47.6,314.2,  3.2,231.6, 50.06,  2180,NA, 95292.8,     0.80, 33323,314.2,463.4,460.8,  0.9,  1.9,  2.2,   282,   880,  1013,  3.2,  3.0,  3.0,231.6,235.8,235.3,NA,NA,NA,NA
 2023/11/20 08:38:00, 47.3,273.3,  3.4,232.5, 50.09,  2330,NA, 95292.8,     0.80, 33323,273.3,456.3,452.1,  1.2,  2.1,  2.3,   327,   958,  1039,  3.4,  3.2,  3.3,232.5,234.9,235.1,NA,NA,NA,NA
 2023/11/20 08:38:30, 46.9,261.0,  3.5,232.7, 50.10,  2404,NA, 95292.8,     0.80, 33323,261.0,460.1,447.3,  1.3,  2.2,  2.4,   339,  1012,  1073,  3.5,  3.3,  3.4,232.7,235.9,235.8,NA,NA,NA,NA
 2023/11/20 08:39:00, 46.6,238.4,  3.4,233.1, 50.10,  2329,NA, 95292.8,     0.80, 33323,238.4,456.4,449.6,  1.4,  2.1,  2.3,   333,   958,  1034,  3.4,  3.2,  3.2,233.1,235.9,235.5,NA,NA,NA,NA
 2023/11/20 08:39:30, 46.3,248.7,  3.0,232.6, 50.09,  2074,NA, 95292.8,     0.80, 33323,248.7,451.0,457.4,  1.2,  1.9,  2.0,   298,   856,   914,  3.0,  2.9,  2.9,232.6,236.0,235.7,NA,NA,NA,NA
 2023/11/20 08:40:00, 46.1,272.3,  3.1,232.4, 50.09,  2132,NA, 95292.8,     0.80, 33323,272.3,456.4,437.5,  1.2,  1.9,  2.1,   326,   867,   918,  3.1,  3.0,  3.0,232.4,235.9,235.4,NA,NA,NA,NA
 2023/11/20 08:40:30, 45.7,259.9,  3.3,232.5, 50.07,  2268,NA, 95292.9,     0.90, 33323,259.9,450.0,449.3,  1.3,  2.0,  2.2,   337,   900,   988,  3.3,  3.2,  3.2,232.5,235.8,235.4,NA,NA,NA,NA
 2023/11/20 08:41:00, 45.5,280.0,  3.3,232.1, 50.08,  2319,NA, 95292.9,     0.90, 33323,280.0,437.0,448.1,  1.3,  2.1,  2.3,   364,   917,  1030,  3.3,  3.2,  3.2,232.1,235.6,235.4,NA,NA,NA,NA
 2023/11/20 08:41:30, 45.3,268.1,  3.6,232.7, 50.10,  2398,NA, 95292.9,     0.90, 33323,268.1,457.9,444.0,  1.4,  2.1,  2.4,   375,   961,  1065,  3.6,  3.3,  3.3,232.7,235.4,234.8,NA,NA,NA,NA
 2023/11/20 08:42:00, 45.3,281.3,  3.5,232.0, 50.03,  2444,NA, 95292.9,     0.90, 33323,281.3,448.5,441.7,  1.3,  2.2,  2.5,   365,   986,  1104,  3.5,  3.4,  3.4,232.0,235.3,235.3,NA,NA,NA,NA
 2023/11/20 08:42:30, 45.2,250.5,  3.6,231.8, 50.05,  2501,NA, 95292.9,     0.90, 33323,250.5,455.7,449.1,  1.5,  2.2,  2.5,   375,  1002,  1122,  3.6,  3.5,  3.5,231.8,235.4,235.4,NA,NA,NA,NA
 2023/11/20 08:43:00, 44.9,254.0,  3.6,232.1, 50.10,  2532,NA, 95293.0,     1.00, 33323,254.0,461.1,450.8,  1.5,  2.2,  2.5,   381,  1014,  1127,  3.6,  3.5,  3.5,232.1,235.3,234.8,NA,NA,NA,NA
 2023/11/20 08:43:30, 44.9,273.7,  3.7,231.9, 50.06,  2550,NA, 95293.0,     1.00, 33323,273.7,457.1,446.8,  1.4,  2.3,  2.5,   383,  1051,  1117,  3.7,  3.5,  3.5,231.9,235.1,235.1,NA,NA,NA,NA
 2023/11/20 08:44:00, 44.7,283.4,  3.7,231.7, 50.08,  2532,NA, 95293.0,     1.00, 33323,283.4,449.8,449.0,  1.3,  2.3,  2.5,   368,  1034,  1122,  3.7,  3.6,  3.6,231.7,235.5,235.0,NA,NA,NA,NA
 2023/11/20 08:44:30, 44.7,268.1,  3.7,231.9, 50.11,  2543,NA, 95293.0,     1.00, 33323,268.1,446.6,445.8,  1.4,  2.3,  2.5,   375,  1027,  1114,  3.7,  3.6,  3.6,231.9,235.3,234.5,NA,NA,NA,NA
 2023/11/20 08:45:00, 44.7,284.0,  3.7,231.1, 50.03,  2538,NA, 95293.0,     1.00, 33323,284.0,452.9,446.4,  1.3,  2.3,  2.5,   369,  1041,  1116,  3.7,  3.5,  3.6,231.1,234.6,234.4,NA,NA,NA,NA
 2023/11/20 08:45:30, 44.5,285.1,  3.6,231.5, 50.06,  2525,NA, 95293.1,     1.10, 33323,285.1,450.5,440.2,  1.2,  2.3,  2.5,   342,  1036,  1100,  3.6,  3.5,  3.5,231.5,234.8,234.3,NA,NA,NA,NA
 2023/11/20 08:46:00, 44.4,292.6,  3.8,231.3, 50.09,  2547,NA, 95293.1,     1.10, 33323,292.6,452.0,451.4,  1.2,  2.3,  2.5,   351,  1039,  1128,  3.8,  3.6,  3.7,231.3,234.8,234.5,NA,NA,NA,NA
 2023/11/20 08:46:30, 44.5,285.8,  3.7,231.6, 50.07,  2510,NA, 95293.1,     1.10, 33323,285.8,458.7,448.6,  1.2,  2.3,  2.5,   342,  1055,  1121,  3.7,  3.5,  3.5,231.6,234.7,234.7,NA,NA,NA,NA
 2023/11/20 08:47:00, 44.3,292.2,  3.6,231.7, 50.08,  2525,NA, 95293.1,     1.10, 33323,292.2,456.6,445.0,  1.2,  2.2,  2.5,   350,  1004,  1112,  3.6,  3.5,  3.5,231.7,234.7,234.6,NA,NA,NA,NA
 2023/11/20 08:47:30, 44.3,272.8,  3.7,231.5, 50.07,  2543,NA, 95293.2,     1.20, 33323,272.8,450.2,451.6,  1.3,  2.3,  2.5,   354,  1035,  1129,  3.7,  3.6,  3.6,231.5,234.4,234.4,NA,NA,NA,NA
 2023/11/20 08:48:00, 44.2,286.0,  3.8,231.1, 50.09,  2607,NA, 95293.2,     1.20, 33323,286.0,457.4,450.9,  1.3,  2.3,  2.6,   371,  1052,  1172,  3.8,  3.6,  3.7,231.1,234.4,234.3,NA,NA,NA,NA
 2023/11/20 08:48:30, 44.1,284.2,  3.9,231.3, 50.06,  2641,NA, 95293.2,     1.20, 33323,284.2,455.0,450.8,  1.3,  2.4,  2.6,   369,  1092,  1172,  3.9,  3.7,  3.8,231.3,234.3,233.9,NA,NA,NA,NA
 2023/11/20 08:49:00, 44.1,298.8,  3.8,231.0, 50.05,  2614,NA, 95293.2,     1.20, 33323,298.8,447.7,449.3,  1.3,  2.4,  2.6,   388,  1074,  1168,  3.8,  3.6,  3.7,231.0,234.0,233.8,NA,NA,NA,NA
 2023/11/20 08:49:30, 44.1,315.2,  4.0,231.5, 50.10,  2614,NA, 95293.2,     1.20, 33323,315.2,447.5,446.7,  1.2,  2.4,  2.6,   378,  1074,  1161,  4.0,  3.9,  4.0,231.5,233.8,233.7,NA,NA,NA,NA
 2023/11/20 08:50:00, 44.1,310.5,  3.9,231.3, 50.04,  2684,NA, 95293.3,     1.30, 33323,310.5,446.2,450.4,  1.3,  2.5,  2.6,   403,  1115,  1171,  3.9,  3.7,  3.8,231.3,233.8,233.7,NA,NA,NA,NA
 2023/11/20 08:50:30, 44.0,302.0,  3.9,231.3, 50.05,  2681,NA, 95293.3,     1.30, 33323,302.0,443.8,445.3,  1.3,  2.5,  2.7,   392,  1109,  1202,  3.9,  3.8,  3.8,231.3,233.8,233.8,NA,NA,NA,NA
 2023/11/20 08:51:00, 43.9,318.7,  3.9,230.9, 50.02,  2683,NA, 95293.3,     1.30, 33323,318.7,451.0,438.3,  1.2,  2.4,  2.7,   382,  1082,  1183,  3.9,  3.7,  3.8,230.9,233.5,233.4,NA,NA,NA,NA
 2023/11/20 08:51:30, 44.2,321.0,  3.9,231.3, 49.92,  2727,NA, 95293.3,     1.30, 33323,321.0,451.0,446.9,  1.2,  2.5,  2.7,   385,  1127,  1206,  3.9,  3.8,  3.9,231.3,233.4,233.8,NA,NA,NA,NA
 2023/11/20 08:52:00, 44.0,319.9,  3.9,231.2, 49.98,  2758,NA, 95293.4,     1.40, 33323,319.9,444.1,444.6,  1.2,  2.6,  2.8,   383,  1154,  1244,  3.9,  3.8,  3.9,231.2,233.4,233.4,NA,NA,NA,NA
 2023/11/20 08:52:30, 44.0,303.8,  4.0,230.9, 49.97,  2833,NA, 95293.4,     1.40, 33323,303.8,449.2,447.3,  1.4,  2.6,  2.8,   425,  1167,  1252,  4.0,  3.9,  3.9,230.9,233.3,233.6,NA,NA,NA,NA
 2023/11/20 08:53:00, 44.0,330.9,  4.1,230.8, 50.03,  2818,NA, 95293.4,     1.40, 33323,330.9,455.2,448.8,  1.2,  2.5,  2.8,   397,  1138,  1256,  4.1,  3.9,  4.0,230.8,233.2,233.6,NA,NA,NA,NA
 2023/11/20 08:53:30, 44.0,280.0,  4.1,230.3, 49.98,  2832,NA, 95293.4,     1.40, 33323,280.0,446.6,445.1,  1.5,  2.6,  2.8,   420,  1161,  1246,  4.1,  4.0,  4.0,230.3,232.9,233.2,NA,NA,NA,NA
 2023/11/20 08:54:00, 44.0,301.3,  4.1,229.9, 49.97,  2841,NA, 95293.4,     1.40, 33323,301.3,454.5,442.1,  1.4,  2.5,  2.8,   421,  1136,  1237,  4.1,  4.0,  4.0,229.9,232.8,232.7,NA,NA,NA,NA
 2023/11/20 08:54:30, 44.0,282.0,  4.2,230.6, 49.98,  2832,NA, 95293.5,     1.50, 33323,282.0,445.8,442.1,  1.5,  2.6,  2.8,   423,  1159,  1237,  4.2,  4.0,  4.0,230.6,233.4,233.4,NA,NA,NA,NA
 2023/11/20 08:55:00, 44.0,300.6,  4.0,230.3, 50.02,  2802,NA, 95293.5,     1.50, 33323,300.6,444.4,441.2,  1.4,  2.6,  2.7,   420,  1155,  1191,  4.0,  3.9,  3.9,230.3,233.1,233.1,NA,NA,NA,NA
 2023/11/20 08:55:30, 44.0,314.4,  4.2,230.3, 50.02,  2857,NA, 95293.5,     1.50, 33323,314.4,455.9,443.5,  1.4,  2.6,  2.9,   440,  1185,  1286,  4.2,  4.0,  4.0,230.3,233.5,233.5,NA,NA,NA,NA
 2023/11/20 08:56:00, 44.0,293.0,  4.2,230.5, 50.03,  2863,NA, 95293.5,     1.50, 33323,293.0,446.0,447.0,  1.5,  2.6,  2.8,   439,  1159,  1251,  4.2,  4.0,  4.0,230.5,233.7,233.5,NA,NA,NA,NA
 2023/11/20 08:56:30, 44.0,290.5,  4.1,230.5, 50.08,  2846,NA, 95293.6,     1.60, 33323,290.5,454.9,446.0,  1.5,  2.6,  2.8,   435,  1182,  1248,  4.1,  4.0,  4.0,230.5,233.5,233.7,NA,NA,NA,NA
 2023/11/20 08:57:00, 44.0,308.8,  4.2,230.9, 50.06,  2875,NA, 95293.6,     1.60, 33323,308.8,456.4,445.3,  1.5,  2.5,  2.8,   463,  1141,  1246,  4.2,  4.1,  4.1,230.9,234.1,234.3,NA,NA,NA,NA
 2023/11/20 08:57:30, 44.0,309.5,  4.2,230.6, 50.08,  2904,NA, 95293.6,     1.60, 33323,309.5,445.5,442.4,  1.4,  2.7,  2.9,   433,  1202,  1282,  4.2,  4.0,  4.0,230.6,233.8,234.0,NA,NA,NA,NA
 2023/11/20 08:58:00, 44.1,306.3,  4.2,230.3, 50.07,  2888,NA, 95293.6,     1.60, 33323,306.3,453.4,438.6,  1.5,  2.6,  2.9,   459,  1178,  1271,  4.2,  4.2,  4.2,230.3,233.8,233.8,NA,NA,NA,NA
 2023/11/20 08:58:30, 44.0,304.9,  4.2,230.1, 50.11,  2859,NA, 95293.7,     1.70, 33323,304.9,454.7,441.6,  1.5,  2.5,  2.9,   457,  1136,  1280,  4.2,  4.0,  4.0,230.1,233.7,233.7,NA,NA,NA,NA
 2023/11/20 08:59:00, 44.1,304.1,  4.3,230.4, 50.08,  2920,NA, 95293.7,     1.70, 33323,304.1,445.8,441.5,  1.5,  2.7,  2.9,   456,  1203,  1280,  4.3,  4.1,  4.1,230.4,233.7,233.8,NA,NA,NA,NA
 2023/11/20 08:59:30, 44.0,311.2,  4.3,230.2, 50.13,  2957,NA, 95293.7,     1.70, 33323,311.2,452.7,443.3,  1.4,  2.7,  2.9,   435,  1222,  1285,  4.3,  4.2,  4.2,230.2,233.9,234.0,NA,NA,NA,NA
 2023/11/20 09:00:00, 44.1,322.4,  4.3,230.5, 50.13,  2937,NA, 95293.7,     1.70, 33323,322.4,452.8,442.8,  1.3,  2.7,  2.9,   419,  1222,  1284,  4.3,  4.2,  4.2,230.5,233.7,233.9,NA,NA,NA,NA
 2023/11/20 09:00:30, 44.0,305.7,  4.3,230.1, 50.18,  2929,NA, 95293.8,     1.80, 33323,305.7,448.1,440.2,  1.4,  2.7,  2.9,   427,  1209,  1276,  4.3,  4.2,  4.2,230.1,233.5,233.8,NA,NA,NA,NA
 2023/11/20 09:01:00, 43.9,315.2,  4.3,230.0, 50.13,  2927,NA, 95293.8,     1.80, 33323,315.2,450.9,435.4,  1.4,  2.7,  3.0,   441,  1217,  1306,  4.3,  4.1,  4.2,230.0,233.4,233.1,NA,NA,NA,NA
 2023/11/20 09:01:30, 44.0,313.3,  4.3,230.1, 50.11,  2937,NA, 95293.8,     1.80, 33323,313.3,449.1,440.2,  1.4,  2.7,  2.9,   438,  1212,  1276,  4.3,  4.1,  4.2,230.1,233.4,232.9,NA,NA,NA,NA
 2023/11/20 09:02:00, 44.0,313.4,  4.4,230.0, 50.07,  2962,NA, 95293.8,     1.80, 33323,313.4,443.5,443.9,  1.4,  2.7,  2.9,   438,  1197,  1287,  4.4,  4.2,  4.2,230.0,233.3,232.6,NA,NA,NA,NA
 2023/11/20 09:02:30, 44.1,309.7,  4.3,229.9, 50.05,  2966,NA, 95293.9,     1.90, 33323,309.7,445.5,435.4,  1.5,  2.7,  3.0,   464,  1202,  1306,  4.3,  4.1,  4.2,229.9,233.3,233.1,NA,NA,NA,NA
 2023/11/20 09:03:00, 44.0,287.8,  4.2,229.4, 50.08,  2857,NA, 95293.9,     1.90, 33323,287.8,441.1,442.5,  1.5,  2.7,  2.9,   431,  1190,  1283,  4.2,  4.0,  4.0,229.4,233.5,233.4,NA,NA,NA,NA
 2023/11/20 09:03:30, 44.1,295.1,  4.3,229.5, 50.09,  2901,NA, 95293.9,     1.90, 33323,295.1,440.3,430.5,  1.5,  2.7,  3.0,   442,  1188,  1291,  4.3,  4.0,  4.1,229.5,233.7,233.6,NA,NA,NA,NA
 2023/11/20 09:04:00, 44.0,303.0,  4.4,229.1, 50.03,  2984,NA, 95293.9,     1.90, 33323,303.0,443.3,440.1,  1.5,  2.8,  3.0,   454,  1241,  1320,  4.4,  4.2,  4.2,229.1,233.5,233.2,NA,NA,NA,NA
 2023/11/20 09:04:30, 44.1,297.2,  4.4,229.1, 49.99,  2978,NA, 95294.0,     2.00, 33323,297.2,449.2,437.7,  1.6,  2.7,  3.0,   475,  1212,  1313,  4.4,  4.2,  4.2,229.1,233.4,233.2,NA,NA,NA,NA
 2023/11/20 09:05:00, 44.1,294.9,  4.4,228.8, 50.01,  2978,NA, 95294.0,     2.00, 33323,294.9,439.2,426.4,  1.6,  2.8,  3.1,   471,  1229,  1321,  4.4,  4.2,  4.2,228.8,233.4,233.4,NA,NA,NA,NA
 2023/11/20 09:05:30, 44.2,310.9,  4.6,229.5, 50.08,  3117,NA, 95294.0,     2.00, 33323,310.9,440.2,437.0,  1.6,  2.9,  3.1,   497,  1276,  1354,  4.6,  4.5,  4.5,229.5,233.1,233.1,NA,NA,NA,NA
 2023/11/20 09:06:00, 44.2,308.9,  4.6,229.3, 50.02,  3154,NA, 95294.0,     2.00, 33323,308.9,441.9,437.5,  1.7,  2.8,  3.1,   525,  1237,  1356,  4.6,  4.5,  4.5,229.3,232.8,233.0,NA,NA,NA,NA
 2023/11/20 09:06:30, 44.1,320.3,  4.5,232.9, 50.03,  3118,NA, 95294.1,     2.10, 33323,320.3,448.3,437.8,  1.5,  2.9,  3.1,   480,  1300,  1357,  4.5,  4.3,  4.3,232.9,236.6,236.6,NA,NA,NA,NA
 2023/11/20 09:07:00, 44.1,320.3,  4.5,233.0, 50.04,  3123,NA, 95294.1,     2.10, 33323,320.3,446.1,433.9,  1.5,  2.9,  3.2,   480,  1293,  1388,  4.5,  4.3,  4.4,233.0,236.6,236.6,NA,NA,NA,NA
 2023/11/20 09:07:30, 44.2,306.9,  4.5,232.9, 50.04,  3159,NA, 95294.1,     2.10, 33323,306.9,447.8,439.8,  1.6,  2.9,  3.1,   491,  1298,  1363,  4.5,  4.3,  4.4,232.9,236.4,236.6,NA,NA,NA,NA
 2023/11/20 09:08:00, 44.2,300.8,  4.6,233.0, 50.06,  3149,NA, 95294.1,     2.10, 33323,300.8,444.3,433.9,  1.7,  2.9,  3.2,   511,  1288,  1388,  4.6,  4.4,  4.4,233.0,236.4,236.6,NA,NA,NA,NA
 2023/11/20 09:08:30, 44.3,305.1,  4.5,233.0, 50.04,  3152,NA, 95294.2,     2.20, 33323,305.1,449.1,437.6,  1.6,  2.9,  3.2,   488,  1302,  1400,  4.5,  4.4,  4.4,233.0,236.2,236.2,NA,NA,NA,NA
 2023/11/20 09:09:00, 44.2,303.9,  4.6,232.7, 50.11,  3164,NA, 95294.2,     2.20, 33323,303.9,445.5,443.5,  1.7,  2.9,  3.1,   516,  1291,  1374,  4.6,  4.5,  4.5,232.7,236.3,236.2,NA,NA,NA,NA
 2023/11/20 09:09:30, 44.3,290.3,  4.5,232.6, 50.09,  3185,NA, 95294.2,     2.20, 33323,290.3,440.6,439.0,  1.9,  2.9,  3.2,   551,  1277,  1404,  4.5,  4.4,  4.4,232.6,235.8,236.0,NA,NA,NA,NA
 2023/11/20 09:10:00, 44.2,295.3,  4.6,232.0, 50.09,  3204,NA, 95294.2,     2.20, 33323,295.3,444.2,429.0,  1.8,  2.9,  3.2,   531,  1288,  1372,  4.6,  4.5,  4.5,232.0,235.8,236.1,NA,NA,NA,NA
 2023/11/20 09:10:30, 44.3,296.5,  4.6,231.5, 50.09,  3201,NA, 95294.3,     2.30, 33323,296.5,445.8,437.7,  1.8,  2.9,  3.2,   533,  1292,  1400,  4.6,  4.5,  4.5,231.5,235.9,235.9,NA,NA,NA,NA
 2023/11/20 09:11:00, 44.3,291.8,  4.7,231.6, 50.04,  3143,NA, 95294.3,     2.30, 33323,291.8,440.5,438.9,  1.8,  2.9,  3.1,   525,  1277,  1360,  4.7,  4.4,  4.5,231.6,235.7,235.4,NA,NA,NA,NA
 2023/11/20 09:11:30, 44.4,291.1,  4.5,231.9, 50.05,  3126,NA, 95294.3,     2.30, 33323,291.1,443.8,429.8,  1.8,  2.9,  3.2,   523,  1287,  1375,  4.5,  4.4,  4.4,231.9,235.8,235.5,NA,NA,NA,NA
 2023/11/20 09:12:00, 44.4,291.2,  4.5,232.1, 50.09,  3096,NA, 95294.3,     2.30, 33323,291.2,444.7,440.9,  1.7,  2.8,  3.1,   495,  1245,  1366,  4.5,  4.3,  4.4,232.1,235.8,235.4,NA,NA,NA,NA
 2023/11/20 09:12:30, 44.4,262.9,  4.2,231.9, 50.09,  2980,NA, 95294.4,     2.40, 33323,262.9,434.7,433.8,  1.9,  2.8,  3.0,   499,  1217,  1301,  4.2,  4.1,  4.1,231.9,235.9,235.5,NA,NA,NA,NA
 2023/11/20 09:13:00, 44.5,284.3,  4.4,231.7, 50.09,  3064,NA, 95294.4,     2.40, 33323,284.3,439.2,434.6,  1.7,  2.9,  3.1,   483,  1273,  1347,  4.4,  4.3,  4.3,231.7,235.5,235.0,NA,NA,NA,NA
 2023/11/20 09:13:30, 44.5,254.4,  4.5,231.3, 50.09,  3092,NA, 95294.4,     2.40, 33323,254.4,444.0,434.2,  1.9,  2.9,  3.1,   483,  1287,  1346,  4.5,  4.3,  4.4,231.3,235.4,234.8,NA,NA,NA,NA
 2023/11/20 09:14:00, 44.4,289.7,  4.6,231.4, 50.09,  3134,NA, 95294.4,     2.40, 33323,289.7,443.4,441.3,  1.8,  2.9,  3.1,   521,  1285,  1368,  4.6,  4.4,  4.5,231.4,235.4,234.8,NA,NA,NA,NA
 2023/11/20 09:14:30, 44.4,296.5,  4.6,231.4, 50.11,  3240,NA, 95294.5,     2.50, 33323,296.5,443.4,433.7,  1.8,  3.0,  3.2,   533,  1330,  1387,  4.6,  4.5,  4.5,231.4,235.6,235.3,NA,NA,NA,NA
 2023/11/20 09:15:00, 44.5,306.4,  4.7,231.7, 50.15,  3264,NA, 95294.5,     2.50, 33323,306.4,443.3,438.9,  1.7,  3.0,  3.3,   520,  1329,  1448,  4.7,  4.6,  4.6,231.7,235.7,235.3,NA,NA,NA,NA
 2023/11/20 09:15:30, 44.5,290.3,  4.8,231.6, 50.14,  3309,NA, 95294.5,     2.50, 33323,290.3,439.5,435.0,  1.9,  3.1,  3.3,   551,  1362,  1435,  4.8,  4.6,  4.7,231.6,235.4,235.0,NA,NA,NA,NA
 2023/11/20 09:16:00, 44.5,287.4,  4.7,231.8, 50.14,  3246,NA, 95294.6,     2.60, 33323,287.4,438.1,431.1,  1.9,  3.1,  3.3,   546,  1358,  1422,  4.7,  4.5,  4.5,231.8,235.9,235.4,NA,NA,NA,NA
 2023/11/20 09:16:30, 44.5,295.9,  4.7,232.1, 50.13,  3257,NA, 95294.6,     2.60, 33323,295.9,446.6,430.1,  1.7,  3.0,  3.3,   503,  1339,  1419,  4.7,  4.5,  4.5,232.1,236.1,235.6,NA,NA,NA,NA
 2023/11/20 09:17:00, 44.6,308.8,  4.7,232.5, 50.13,  3248,NA, 95294.6,     2.60, 33323,308.8,447.6,436.6,  1.6,  3.0,  3.3,   494,  1342,  1440,  4.7,  4.6,  4.6,232.5,236.3,235.0,NA,NA,NA,NA
 2023/11/20 09:17:30, 44.6,306.8,  4.7,232.4, 50.14,  3244,NA, 95294.6,     2.60, 33323,306.8,441.8,434.9,  1.7,  3.0,  3.3,   521,  1325,  1435,  4.7,  4.5,  4.6,232.4,236.5,235.1,NA,NA,NA,NA
 2023/11/20 09:18:00, 44.5,282.0,  4.8,232.0, 50.08,  3370,NA, 95294.7,     2.70, 33323,282.0,431.3,432.6,  2.0,  3.2,  3.4,   564,  1380,  1470,  4.8,  4.7,  4.7,232.0,236.1,235.5,NA,NA,NA,NA
 2023/11/20 09:18:30, 44.5,291.3,  3.2,231.9, 50.07,  2358,NA, 95294.7,     2.70, 33323,291.3,437.6,433.6,  1.4,  2.0,  2.2,   407,   875,   953,  3.2,  3.0,  3.1,231.9,236.2,235.3,NA,NA,NA,NA
 2023/11/20 09:19:00, 44.7,273.9,  4.1,231.9, 50.09,  2823,NA, 95294.7,     2.70, 33323,273.9,452.8,412.2,  1.7,  2.6,  3.0,   465,  1177,  1236,  4.1,  4.0,  4.0,231.9,236.0,235.7,NA,NA,NA,NA
 2023/11/20 09:19:30, 44.7,265.2,  4.8,232.4, 50.09,  3324,NA, 95294.7,     2.70, 33323,265.2,442.6,429.6,  2.1,  3.1,  3.4,   556,  1372,  1460,  4.8,  4.7,  4.7,232.4,236.0,236.0,NA,NA,NA,NA
 2023/11/20 09:20:00, 44.6,269.3,  4.9,232.5, 50.09,  3432,NA, 95294.8,     2.80, 33323,269.3,442.1,437.4,  2.1,  3.2,  3.4,   565,  1414,  1487,  4.9,  4.8,  4.8,232.5,236.2,236.3,NA,NA,NA,NA
 2023/11/20 09:20:30, 44.7,268.7,  5.0,231.9, 50.05,  3422,NA, 95294.8,     2.80, 33323,268.7,448.1,433.9,  2.1,  3.1,  3.5,   564,  1389,  1518,  5.0,  4.9,  4.9,231.9,235.7,235.7,NA,NA,NA,NA
 2023/11/20 09:21:00, 44.6,270.9,  5.0,232.1, 50.07,  3479,NA, 95294.8,     2.80, 33323,270.9,436.1,436.3,  2.1,  3.3,  3.5,   568,  1439,  1527,  5.0,  4.8,  4.9,232.1,235.4,235.2,NA,NA,NA,NA
 2023/11/20 09:21:30, 44.7,277.7,  5.1,232.2, 50.05,  3489,NA, 95294.9,     2.90, 33323,277.7,439.6,436.2,  2.0,  3.3,  3.5,   555,  1450,  1526,  5.1,  4.8,  4.9,232.2,235.6,235.4,NA,NA,NA,NA
 2023/11/20 09:22:00, 44.7,292.5,  5.1,232.6, 50.04,  3511,NA, 95294.9,     2.90, 33323,292.5,441.2,430.8,  2.0,  3.3,  3.6,   585,  1455,  1550,  5.1,  4.9,  5.0,232.6,234.9,234.8,NA,NA,NA,NA
 2023/11/20 09:22:30, 44.8,291.7,  5.2,232.4, 50.03,  3563,NA, 95294.9,     2.90, 33323,291.7,446.3,435.8,  2.1,  3.3,  3.6,   612,  1472,  1568,  5.2,  5.0,  5.1,232.4,234.7,234.4,NA,NA,NA,NA
 2023/11/20 09:23:00, 44.8,292.2,  5.1,231.9, 49.97,  3582,NA, 95294.9,     2.90, 33323,292.2,444.8,429.7,  2.1,  3.3,  3.6,   613,  1467,  1546,  5.1,  5.0,  5.0,231.9,234.2,234.7,NA,NA,NA,NA
 2023/11/20 09:23:30, 44.8,293.0,  5.4,231.6, 50.02,  3673,NA, 95295.0,     3.00, 33323,293.0,434.3,428.6,  2.2,  3.4,  3.7,   644,  1476,  1585,  5.4,  5.3,  5.3,231.6,233.8,234.6,NA,NA,NA,NA
 2023/11/20 09:24:00, 44.8,283.8,  5.2,231.3, 50.01,  3609,NA, 95295.0,     3.00, 33324,283.8,447.0,428.2,  2.1,  3.3,  3.7,   595,  1475,  1584,  5.2,  5.1,  5.1,231.3,233.8,234.5,NA,NA,NA,NA
 2023/11/20 09:24:30, 44.8,286.5,  5.3,231.2, 49.96,  3660,NA, 95295.0,     3.00, 33324,286.5,433.5,426.4,  2.2,  3.5,  3.7,   630,  1517,  1577,  5.3,  5.3,  5.3,231.2,233.6,234.1,NA,NA,NA,NA
 2023/11/20 09:25:00, 44.8,283.9,  5.2,231.2, 50.03,  3606,NA, 95295.1,     3.10, 33324,283.9,438.0,427.6,  2.1,  3.4,  3.7,   596,  1489,  1582,  5.2,  5.1,  5.1,231.2,233.8,234.4,NA,NA,NA,NA
 2023/11/20 09:25:30, 44.9,268.1,  5.2,231.1, 49.99,  3603,NA, 95295.1,     3.10, 33324,268.1,439.3,428.7,  2.1,  3.4,  3.7,   563,  1493,  1586,  5.2,  5.1,  5.2,231.1,233.5,233.6,NA,NA,NA,NA
 2023/11/20 09:26:00, 44.9,283.4,  5.3,230.0, 49.98,  3662,NA, 95295.1,     3.10, 33324,283.4,442.3,432.0,  2.1,  3.4,  3.7,   595,  1503,  1598,  5.3,  5.2,  5.2,230.0,232.5,233.1,NA,NA,NA,NA
 2023/11/20 09:26:30, 45.0,284.4,  5.4,229.3, 50.01,  3737,NA, 95295.2,     3.20, 33324,284.4,444.4,429.4,  2.2,  3.4,  3.8,   625,  1510,  1631,  5.4,  5.2,  5.3,229.3,233.0,233.1,NA,NA,NA,NA
 2023/11/20 09:27:00, 44.9,279.4,  5.3,229.2, 49.95,  3686,NA, 95295.2,     3.20, 33324,279.4,437.1,430.4,  2.2,  3.5,  3.7,   614,  1529,  1592,  5.3,  5.2,  5.2,229.2,232.7,232.9,NA,NA,NA,NA
 2023/11/20 09:27:30, 45.1,282.7,  5.2,229.1, 50.02,  3650,NA, 95295.2,     3.20, 33324,282.7,435.7,431.2,  2.0,  3.5,  3.7,   565,  1524,  1595,  5.2,  5.1,  5.1,229.1,232.7,232.9,NA,NA,NA,NA
 2023/11/20 09:28:00, 45.0,278.6,  5.3,229.4, 49.98,  3654,NA, 95295.2,     3.20, 33324,278.6,437.5,426.9,  2.2,  3.4,  3.7,   612,  1487,  1579,  5.3,  5.2,  5.2,229.4,232.8,232.7,NA,NA,NA,NA
 2023/11/20 09:28:30, 45.0,279.6,  5.2,229.4, 50.07,  3597,NA, 95295.3,     3.30, 33324,279.6,436.4,431.9,  2.1,  3.4,  3.6,   587,  1483,  1554,  5.2,  5.1,  5.1,229.4,232.7,234.0,NA,NA,NA,NA
 2023/11/20 09:29:00, 45.0,283.3,  5.2,229.2, 50.06,  3604,NA, 95295.3,     3.30, 33324,283.3,431.5,422.2,  2.1,  3.5,  3.7,   594,  1510,  1562,  5.2,  5.1,  5.1,229.2,232.5,233.7,NA,NA,NA,NA
 2023/11/20 09:29:30, 45.1,293.9,  4.4,229.3, 50.06,  2964,NA, 95295.3,     3.30, 33324,293.9,434.7,430.2,  1.7,  2.7,  2.9,   499,  1173,  1247,  4.4,  4.3,  4.3,229.3,232.5,233.0,NA,NA,NA,NA
 2023/11/20 09:30:00, 45.0,274.9,  1.8,229.2, 50.07,  1159,NA, 95295.4,     3.40, 33324,274.9,441.5,437.1,  0.9,  1.0,  1.1,   247,   441,   480,  1.8,  1.7,  1.8,229.2,232.4,232.7,NA,NA,NA,NA
 2023/11/20 09:30:30, 44.9,227.2,  1.3,229.1, 50.03,   868,NA, 95295.4,     3.40, 33324,227.2,421.5,426.2,  0.6,  0.7,  0.9,   136,   295,   383,  1.3,  1.2,  1.3,229.1,232.3,232.3,NA,NA,NA,NA
 2023/11/20 09:31:00, 44.8,228.0,  1.3,229.2, 50.00,   875,NA, 95295.4,     3.40, 33324,228.0,430.7,441.5,  0.6,  0.7,  0.9,   136,   301,   397,  1.3,  1.2,  1.3,229.2,232.4,232.1,NA,NA,NA,NA
 2023/11/20 09:31:30, 44.6,301.7,  4.8,229.4, 49.99,  3247,NA, 95295.4,     3.40, 33324,301.7,394.2,398.7,  1.8,  3.4,  3.6,   543,  1340,  1435,  4.8,  4.6,  4.7,229.4,232.8,233.6,NA,NA,NA,NA
 2023/11/20 09:32:00, 44.6,296.5,  5.5,229.3, 50.03,  3746,NA, 95295.4,     3.40, 33324,296.5,442.6,432.4,  2.1,  3.5,  3.8,   622,  1549,  1643,  5.5,  5.3,  5.4,229.3,232.8,233.6,NA,NA,NA,NA
 2023/11/20 09:32:30, 44.5,285.7,  5.5,228.6, 50.01,  3752,NA, 95295.4,     3.40, 33324,285.7,439.5,432.7,  2.2,  3.5,  3.8,   628,  1538,  1644,  5.5,  5.3,  5.4,228.6,232.2,233.0,NA,NA,NA,NA
 2023/11/20 09:33:00, 44.6,285.0,  5.5,228.6, 49.97,  3779,NA, 95295.5,     3.50, 33324,285.0,442.5,434.6,  2.2,  3.5,  3.8,   627,  1548,  1651,  5.5,  5.4,  5.4,228.6,232.1,232.8,NA,NA,NA,NA
 2023/11/20 09:33:30, 44.7,288.0,  5.1,228.6, 50.01,  3521,NA, 95295.5,     3.50, 33324,288.0,442.9,431.6,  2.0,  3.2,  3.5,   576,  1417,  1510,  5.1,  4.9,  5.0,228.6,232.3,232.9,NA,NA,NA,NA
 2023/11/20 09:34:00, 44.6,279.4,  4.7,228.7, 49.98,  3164,NA, 95295.5,     3.50, 33324,279.4,437.1,439.6,  1.8,  3.0,  3.2,   502,  1311,  1406,  4.7,  4.6,  4.6,228.7,232.4,232.9,NA,NA,NA,NA
 2023/11/20 09:34:30, 44.6,281.3,  4.9,228.8, 49.94,  3434,NA, 95295.6,     3.60, 33324,281.3,433.2,434.5,  2.1,  3.2,  3.4,   590,  1386,  1477,  4.9,  4.8,  4.9,228.8,232.6,233.3,NA,NA,NA,NA
 2023/11/20 09:35:00, 44.7,303.7,  5.2,229.1, 49.98,  3494,NA, 95295.6,     3.60, 33324,303.7,444.4,440.0,  1.9,  3.2,  3.5,   577,  1422,  1540,  5.2,  5.0,  5.1,229.1,232.6,233.5,NA,NA,NA,NA
 2023/11/20 09:35:30, 44.7,289.4,  5.4,228.6, 49.97,  3683,NA, 95295.6,     3.60, 33324,289.4,441.3,433.4,  2.1,  3.4,  3.7,   607,  1500,  1603,  5.4,  5.3,  5.3,228.6,232.3,233.4,NA,NA,NA,NA
 2023/11/20 09:36:00, 44.7,283.5,  5.9,228.7, 49.92,  4049,NA, 95295.7,     3.70, 33324,283.5,434.4,433.4,  2.4,  3.8,  4.1,   680,  1650,  1776,  5.9,  5.8,  5.8,228.7,232.4,233.1,NA,NA,NA,NA
 2023/11/20 09:36:30, 44.8,274.2,  5.8,229.2, 49.92,  3951,NA, 95295.7,     3.70, 33324,274.2,441.6,427.7,  2.4,  3.7,  4.0,   658,  1633,  1710,  5.8,  5.6,  5.6,229.2,232.8,233.8,NA,NA,NA,NA
 2023/11/20 09:37:00, 44.8,282.5,  5.6,229.4, 49.91,  3863,NA, 95295.7,     3.70, 33324,282.5,435.0,424.6,  2.2,  3.7,  4.0,   621,  1609,  1698,  5.6,  5.5,  5.5,229.4,233.1,233.9,NA,NA,NA,NA
 2023/11/20 09:37:30, 44.9,278.8,  5.7,229.3, 49.89,  3956,NA, 95295.8,     3.80, 33324,278.8,441.7,434.8,  2.3,  3.7,  4.0,   641,  1634,  1739,  5.7,  5.6,  5.6,229.3,232.7,233.8,NA,NA,NA,NA
 2023/11/20 09:38:00, 45.0,270.1,  5.7,229.3, 49.85,  3942,NA, 95295.8,     3.80, 33324,270.1,432.9,426.0,  2.4,  3.8,  4.1,   648,  1645,  1746,  5.7,  5.6,  5.6,229.3,232.6,233.2,NA,NA,NA,NA
 2023/11/20 09:38:30, 45.0,301.0,  5.7,229.5, 49.94,  3963,NA, 95295.8,     3.80, 33324,301.0,434.6,423.1,  2.3,  3.7,  4.0,   692,  1608,  1692,  5.7,  5.6,  5.6,229.5,232.2,233.3,NA,NA,NA,NA
 2023/11/20 09:39:00, 45.0,293.7,  5.7,228.4, 49.94,  3881,NA, 95295.9,     3.90, 33324,293.7,433.5,424.1,  2.1,  3.7,  4.0,   616,  1603,  1696,  5.7,  5.5,  5.6,228.4,231.5,232.3,NA,NA,NA,NA
 2023/11/20 09:39:30, 45.2,314.1,  5.6,232.2, 49.92,  3916,NA, 95295.9,     3.90, 33324,314.1,439.0,428.5,  1.9,  3.7,  4.0,   596,  1624,  1714,  5.6,  5.5,  5.6,232.2,235.2,236.2,NA,NA,NA,NA
 2023/11/20 09:40:00, 45.2,310.5,  5.6,231.9, 49.93,  3904,NA, 95295.9,     3.90, 33324,310.5,438.0,427.5,  1.9,  3.7,  4.0,   589,  1620,  1710,  5.6,  5.5,  5.5,231.9,235.2,235.9,NA,NA,NA,NA
 2023/11/20 09:40:30, 45.3,280.6,  5.8,232.1, 49.98,  4011,NA, 95296.0,     4.00, 33324,280.6,434.0,423.3,  2.5,  3.8,  4.1,   701,  1649,  1735,  5.8,  5.6,  5.7,232.1,235.3,235.9,NA,NA,NA,NA
 2023/11/20 09:41:00, 45.3,278.9,  5.7,231.7, 49.97,  3999,NA, 95296.0,     4.00, 33324,278.9,438.4,426.5,  2.4,  3.8,  4.1,   669,  1665,  1748,  5.7,  5.5,  5.6,231.7,235.3,236.0,NA,NA,NA,NA
 2023/11/20 09:41:30, 45.3,258.4,  5.7,231.8, 50.01,  4015,NA, 95296.0,     4.00, 33324,258.4,428.3,421.0,  2.7,  3.8,  4.1,   697,  1627,  1726,  5.7,  5.6,  5.6,231.8,235.1,235.4,NA,NA,NA,NA
 2023/11/20 09:42:00, 45.4,256.3,  5.7,232.1, 50.02,  3999,NA, 95296.1,     4.10, 33324,256.3,432.0,427.2,  2.7,  3.8,  4.1,   692,  1641,  1751,  5.7,  5.6,  5.6,232.1,235.0,235.8,NA,NA,NA,NA
 2023/11/20 09:42:30, 45.4,243.1,  5.8,231.6, 50.00,  4036,NA, 95296.1,     4.10, 33324,243.1,437.6,420.9,  3.0,  3.8,  4.1,   729,  1662,  1725,  5.8,  5.6,  5.7,231.6,235.3,235.9,NA,NA,NA,NA
 2023/11/20 09:43:00, 45.5,250.6,  5.8,231.5, 49.98,  4029,NA, 95296.1,     4.10, 33324,250.6,433.2,424.7,  2.7,  3.9,  4.2,   676,  1689,  1783,  5.8,  5.7,  5.7,231.5,235.2,235.6,NA,NA,NA,NA
 2023/11/20 09:43:30, 45.4,260.9,  5.8,231.7, 50.03,  4064,NA, 95296.2,     4.20, 33324,260.9,433.4,426.2,  2.5,  3.9,  4.1,   652,  1690,  1747,  5.8,  5.6,  5.7,231.7,235.3,235.2,NA,NA,NA,NA
 2023/11/20 09:44:00, 45.4,248.5,  5.7,231.6, 50.03,  3992,NA, 95296.2,     4.20, 33324,248.5,436.5,417.4,  2.8,  3.8,  4.1,   695,  1658,  1711,  5.7,  5.5,  5.6,231.6,235.4,235.0,NA,NA,NA,NA
 2023/11/20 09:44:30, 45.5,232.7,  5.9,231.2, 50.03,  4069,NA, 95296.2,     4.20, 33324,232.7,426.1,421.1,  2.9,  4.0,  4.2,   674,  1704,  1768,  5.9,  5.8,  5.9,231.2,235.0,235.3,NA,NA,NA,NA
 2023/11/20 09:45:00, 45.5,251.4,  5.9,230.8, 50.01,  4094,NA, 95296.3,     4.30, 33324,251.4,429.8,428.5,  2.8,  3.9,  4.2,   703,  1676,  1799,  5.9,  5.7,  5.8,230.8,234.6,234.9,NA,NA,NA,NA
 2023/11/20 09:45:30, 45.5,232.1,  6.0,230.5, 50.02,  4122,NA, 95296.3,     4.30, 33324,232.1,435.2,425.9,  3.2,  3.9,  4.2,   742,  1697,  1788,  6.0,  5.8,  5.9,230.5,234.2,234.7,NA,NA,NA,NA
 2023/11/20 09:46:00, 45.5,243.9,  6.0,230.5, 49.98,  4098,NA, 95296.3,     4.30, 33324,243.9,424.7,418.7,  2.9,  4.0,  4.3,   707,  1698,  1800,  6.0,  5.8,  5.9,230.5,234.4,234.7,NA,NA,NA,NA
 2023/11/20 09:46:30, 45.6,238.0,  5.8,230.6, 49.96,  4127,NA, 95296.4,     4.40, 33324,238.0,430.7,419.8,  3.0,  3.9,  4.3,   714,  1679,  1805,  5.8,  5.7,  5.8,230.6,234.3,234.6,NA,NA,NA,NA
 2023/11/20 09:47:00, 45.7,229.0,  5.9,231.0, 49.98,  4128,NA, 95296.4,     4.40, 33324,229.0,434.1,429.4,  3.1,  3.9,  4.1,   709,  1692,  1760,  5.9,  5.8,  5.9,231.0,234.5,235.1,NA,NA,NA,NA
 2023/11/20 09:47:30, 45.7,222.1,  6.0,230.7, 49.99,  4098,NA, 95296.4,     4.40, 33324,222.1,432.3,421.5,  3.3,  3.9,  4.2,   732,  1685,  1770,  6.0,  5.7,  5.8,230.7,234.4,235.0,NA,NA,NA,NA
 2023/11/20 09:48:00, 45.7,220.0,  5.7,230.6, 49.98,  4044,NA, 95296.5,     4.50, 33324,220.0,429.9,421.5,  3.2,  3.9,  4.2,   704,  1676,  1770,  5.7,  5.7,  5.7,230.6,234.0,234.6,NA,NA,NA,NA
 2023/11/20 09:48:30, 45.8,212.9,  5.9,230.9, 49.97,  4099,NA, 95296.5,     4.50, 33324,212.9,428.4,422.4,  3.4,  4.0,  4.2,   723,  1713,  1774,  5.9,  5.8,  5.8,230.9,234.2,234.8,NA,NA,NA,NA
 2023/11/20 09:49:00, 45.9,243.0,  6.0,231.0, 49.98,  4172,NA, 95296.5,     4.50, 33324,243.0,435.6,421.4,  3.0,  3.9,  4.3,   729,  1698,  1812,  6.0,  5.9,  5.9,231.0,234.4,234.6,NA,NA,NA,NA
 2023/11/20 09:49:30, 45.8,257.8,  5.9,230.8, 49.98,  4082,NA, 95296.6,     4.60, 33324,257.8,432.8,416.3,  2.6,  3.9,  4.3,   670,  1687,  1790,  5.9,  5.8,  5.8,230.8,234.1,234.2,NA,NA,NA,NA
 2023/11/20 09:50:00, 45.9,230.9,  5.9,230.7, 49.97,  4122,NA, 95296.6,     4.60, 33324,230.9,432.4,415.8,  3.3,  3.9,  4.2,   761,  1686,  1746,  5.9,  5.8,  5.9,230.7,234.2,234.6,NA,NA,NA,NA
 2023/11/20 09:50:30, 46.1,235.0,  5.9,230.7, 49.97,  4105,NA, 95296.6,     4.60, 33324,235.0,428.3,423.4,  3.2,  3.9,  4.2,   752,  1670,  1778,  5.9,  5.8,  5.8,230.7,234.3,234.4,NA,NA,NA,NA
 2023/11/20 09:51:00, 45.9,219.7,  5.8,230.4, 49.93,  4047,NA, 95296.7,     4.70, 33324,219.7,413.8,418.1,  3.4,  4.0,  4.2,   746,  1655,  1756,  5.8,  5.7,  5.8,230.4,234.4,235.1,NA,NA,NA,NA
 2023/11/20 09:51:30, 46.0,234.2,  5.7,230.6, 49.98,  4051,NA, 95296.7,     4.70, 33324,234.2,428.6,419.0,  3.2,  3.9,  4.1,   749,  1671,  1717,  5.7,  5.6,  5.7,230.6,234.0,234.6,NA,NA,NA,NA
 2023/11/20 09:52:00, 46.0,223.6,  6.2,230.9, 50.01,  4310,NA, 95296.7,     4.70, 33324,223.6,427.3,416.5,  3.6,  4.1,  4.4,   804,  1751,  1832,  6.2,  6.1,  6.1,230.9,234.3,234.9,NA,NA,NA,NA
 2023/11/20 09:52:30, 46.1,222.5,  6.2,230.6, 49.98,  4271,NA, 95296.8,     4.80, 33324,222.5,428.1,415.0,  3.6,  4.1,  4.4,   801,  1755,  1826,  6.2,  6.0,  6.1,230.6,234.0,234.4,NA,NA,NA,NA
 2023/11/20 09:53:00, 46.2,233.5,  6.2,230.7, 49.98,  4295,NA, 95296.8,     4.80, 33324,233.5,425.9,429.2,  3.4,  4.1,  4.3,   793,  1746,  1845,  6.2,  6.1,  6.2,230.7,234.0,234.7,NA,NA,NA,NA
 2023/11/20 09:53:30, 46.1,229.9,  6.4,230.2, 49.98,  4403,NA, 95296.8,     4.80, 33324,229.9,426.7,422.0,  3.6,  4.2,  4.5,   827,  1792,  1899,  6.4,  6.3,  6.4,230.2,233.8,234.4,NA,NA,NA,NA
 2023/11/20 09:54:00, 46.2,247.7,  6.2,230.6, 49.96,  4361,NA, 95296.9,     4.90, 33324,247.7,428.5,423.7,  3.2,  4.2,  4.4,   792,  1799,  1864,  6.2,  6.1,  6.2,230.6,233.6,234.2,NA,NA,NA,NA
 2023/11/20 09:54:30, 46.3,215.0,  6.0,230.9, 49.96,  4195,NA, 95296.9,     4.90, 33324,215.0,429.4,418.5,  3.5,  4.0,  4.3,   752,  1717,  1799,  6.0,  5.9,  6.0,230.9,233.2,234.4,NA,NA,NA,NA
 2023/11/20 09:55:00, 46.3,253.6,  5.7,230.7, 49.98,  3950,NA, 95296.9,     4.90, 33324,253.6,427.8,417.6,  2.7,  3.8,  4.1,   684,  1625,  1712,  5.7,  5.6,  5.6,230.7,233.0,234.0,NA,NA,NA,NA
 2023/11/20 09:55:30, 46.4,255.9,  5.5,230.2, 49.96,  3795,NA, 95297.0,     5.00, 33324,255.9,429.5,420.1,  2.5,  3.6,  3.9,   639,  1546,  1638,  5.5,  5.4,  5.4,230.2,232.5,233.6,NA,NA,NA,NA
 2023/11/20 09:56:00, 46.4,253.5,  6.0,230.2, 49.94,  4176,NA, 95297.0,     5.00, 33324,253.5,433.4,415.1,  3.0,  3.9,  4.3,   760,  1690,  1784,  6.0,  5.9,  6.0,230.2,232.5,233.6,NA,NA,NA,NA
 2023/11/20 09:56:30, 46.5,239.1,  6.0,230.4, 49.98,  4163,NA, 95297.1,     5.10, 33324,239.1,434.3,415.3,  3.0,  3.9,  4.3,   717,  1693,  1785,  6.0,  5.9,  6.0,230.4,232.6,233.6,NA,NA,NA,NA
 2023/11/20 09:57:00, 46.4,245.4,  6.4,230.2, 50.00,  4384,NA, 95297.1,     5.10, 33324,245.4,430.6,431.6,  3.2,  4.2,  4.4,   785,  1808,  1899,  6.4,  6.3,  6.3,230.2,232.3,232.9,NA,NA,NA,NA
 2023/11/20 09:57:30, 46.4,243.8,  6.3,230.3, 49.98,  4387,NA, 95297.1,     5.10, 33324,243.8,423.3,416.8,  3.1,  4.3,  4.6,   755,  1820,  1917,  6.3,  6.2,  6.3,230.3,232.3,233.4,NA,NA,NA,NA
 2023/11/20 09:58:00, 46.5,249.2,  6.4,230.0, 49.97,  4362,NA, 95297.2,     5.20, 33324,249.2,421.7,412.0,  3.2,  4.3,  4.6,   797,  1813,  1895,  6.4,  6.3,  6.4,230.0,232.1,233.2,NA,NA,NA,NA
 2023/11/20 09:58:30, 46.5,238.9,  6.5,229.4, 49.99,  4445,NA, 95297.2,     5.20, 33324,238.9,429.8,423.9,  3.6,  4.2,  4.5,   860,  1805,  1907,  6.5,  6.5,  6.5,229.4,232.3,233.1,NA,NA,NA,NA
 2023/11/20 09:59:00, 46.6,231.9,  6.2,229.3, 49.98,  4319,NA, 95297.2,     5.20, 33324,231.9,425.1,415.5,  3.1,  4.2,  4.5,   718,  1785,  1869,  6.2,  6.1,  6.1,229.3,232.4,232.7,NA,NA,NA,NA
 2023/11/20 09:59:30, 46.6,217.9,  6.4,229.1, 49.99,  4450,NA, 95297.3,     5.30, 33324,217.9,421.8,419.1,  3.8,  4.3,  4.6,   828,  1813,  1927,  6.4,  6.3,  6.4,229.1,232.3,232.5,NA,NA,NA,NA
 2023/11/20 10:00:00, 46.7,213.7,  6.6,229.0, 50.03,  4490,NA, 95297.3,     5.30, 33324,213.7,426.1,418.9,  3.9,  4.3,  4.6,   833,  1832,  1926,  6.6,  6.4,  6.5,229.0,232.5,233.2,NA,NA,NA,NA
 2023/11/20 10:00:30, 46.7,227.2,  6.4,229.3, 50.02,  4428,NA, 95297.3,     5.30, 33324,227.2,424.0,422.7,  3.4,  4.3,  4.5,   772,  1823,  1902,  6.4,  6.3,  6.4,229.3,232.5,233.2,NA,NA,NA,NA
 2023/11/20 10:01:00, 46.7,215.2,  6.5,229.5, 49.99,  4487,NA, 95297.4,     5.40, 33324,215.2,428.0,416.8,  3.9,  4.3,  4.6,   839,  1840,  1917,  6.5,  6.3,  6.4,229.5,232.3,232.7,NA,NA,NA,NA
 2023/11/20 10:01:30, 46.7,214.1,  6.5,229.9, 49.98,  4447,NA, 95297.4,     5.40, 33324,214.1,430.6,414.9,  3.8,  4.2,  4.6,   813,  1808,  1908,  6.5,  6.3,  6.4,229.9,233.2,233.5,NA,NA,NA,NA
 2023/11/20 10:02:00, 46.8,211.9,  6.5,230.1, 50.01,  4505,NA, 95297.5,     5.50, 33324,211.9,420.3,412.9,  4.0,  4.4,  4.7,   847,  1849,  1940,  6.5,  6.4,  6.4,230.1,233.2,233.5,NA,NA,NA,NA
 2023/11/20 10:02:30, 46.8,212.9,  6.6,230.2, 49.96,  4564,NA, 95297.5,     5.50, 33324,212.9,424.4,417.5,  3.9,  4.4,  4.7,   830,  1867,  1962,  6.6,  6.5,  6.6,230.2,233.4,233.6,NA,NA,NA,NA
 2023/11/20 10:03:00, 46.8,213.1,  6.6,230.6, 49.97,  4596,NA, 95297.5,     5.50, 33324,213.1,422.2,413.7,  4.0,  4.5,  4.8,   852,  1899,  1985,  6.6,  6.5,  6.5,230.6,233.6,233.4,NA,NA,NA,NA
 2023/11/20 10:03:30, 46.9,220.6,  6.7,230.2, 49.99,  4656,NA, 95297.6,     5.60, 33324,220.6,427.6,415.5,  3.9,  4.5,  4.8,   860,  1924,  1994,  6.7,  6.6,  6.7,230.2,233.1,233.4,NA,NA,NA,NA
 2023/11/20 10:04:00, 46.9,214.1,  6.6,229.7, 49.92,  4647,NA, 95297.6,     5.60, 33324,214.1,424.1,419.1,  4.0,  4.5,  4.8,   856,  1908,  2011,  6.6,  6.6,  6.6,229.7,233.0,233.5,NA,NA,NA,NA
 2023/11/20 10:04:30, 47.0,211.2,  6.9,229.4, 49.97,  4694,NA, 95297.6,     5.60, 33324,211.2,422.1,413.5,  4.1,  4.6,  4.9,   865,  1941,  2026,  6.9,  6.6,  6.7,229.4,232.8,233.3,NA,NA,NA,NA
 2023/11/20 10:05:00, 47.0,213.5,  6.8,229.9, 50.04,  4687,NA, 95297.7,     5.70, 33324,213.5,427.7,414.5,  4.1,  4.5,  4.9,   875,  1924,  2031,  6.8,  6.7,  6.7,229.9,233.2,233.7,NA,NA,NA,NA
 2023/11/20 10:05:30, 47.1,217.9,  6.8,229.7, 50.01,  4593,NA, 95297.7,     5.70, 33324,217.9,426.0,418.7,  4.0,  4.4,  4.7,   871,  1874,  1967,  6.8,  6.7,  6.7,229.7,233.3,233.4,NA,NA,NA,NA
 2023/11/20 10:06:00, 47.1,224.2,  6.7,229.7, 50.00,  4640,NA, 95297.8,     5.80, 33324,224.2,425.8,413.7,  3.9,  4.4,  4.8,   874,  1873,  1985,  6.7,  6.6,  6.6,229.7,233.1,233.0,NA,NA,NA,NA
 2023/11/20 10:06:30, 47.2,212.1,  6.8,230.3, 49.99,  4622,NA, 95297.8,     5.80, 33324,212.1,428.3,411.5,  4.1,  4.4,  4.8,   869,  1884,  1975,  6.8,  6.6,  6.7,230.3,233.6,233.6,NA,NA,NA,NA
 2023/11/20 10:07:00, 47.3,215.2,  6.8,230.4, 50.02,  4640,NA, 95297.8,     5.80, 33324,215.2,420.8,413.4,  4.1,  4.5,  4.8,   882,  1893,  1984,  6.8,  6.6,  6.7,230.4,233.7,233.6,NA,NA,NA,NA
 2023/11/20 10:07:30, 47.2,211.8,  6.5,230.1, 49.99,  4501,NA, 95297.9,     5.90, 33324,211.8,420.8,413.3,  4.0,  4.4,  4.7,   847,  1851,  1942,  6.5,  6.3,  6.4,230.1,233.4,233.1,NA,NA,NA,NA
 2023/11/20 10:08:00, 47.3,218.1,  6.7,230.9, 50.00,  4617,NA, 95297.9,     5.90, 33324,218.1,425.9,415.0,  4.1,  4.4,  4.7,   894,  1873,  1950,  6.7,  6.6,  6.6,230.9,234.1,233.3,NA,NA,NA,NA
 2023/11/20 10:08:30, 47.3,217.8,  6.4,231.2, 50.01,  4468,NA, 95298.0,     6.00, 33324,217.8,426.7,409.8,  3.8,  4.3,  4.7,   827,  1834,  1926,  6.4,  6.4,  6.4,231.2,234.3,233.2,NA,NA,NA,NA
 2023/11/20 10:09:00, 47.3,219.8,  6.7,231.1, 50.00,  4592,NA, 95298.0,     6.00, 33324,219.8,428.7,413.0,  4.1,  4.4,  4.7,   901,  1886,  1941,  6.7,  6.6,  6.7,231.1,234.2,233.4,NA,NA,NA,NA
 2023/11/20 10:09:30, 47.3,214.4,  6.5,231.2, 49.98,  4526,NA, 95298.0,     6.00, 33324,214.4,426.5,409.7,  3.9,  4.4,  4.7,   836,  1876,  1925,  6.5,  6.4,  6.5,231.2,234.1,233.0,NA,NA,NA,NA
 2023/11/20 10:10:00, 47.4,213.5,  6.4,231.4, 50.03,  4435,NA, 95298.1,     6.10, 33324,213.5,418.9,412.1,  3.9,  4.3,  4.6,   832,  1801,  1895,  6.4,  6.3,  6.3,231.4,234.3,233.3,NA,NA,NA,NA
 2023/11/20 10:10:30, 47.4,211.5,  6.7,231.2, 50.01,  4587,NA, 95298.1,     6.10, 33324,211.5,423.2,418.1,  4.0,  4.5,  4.7,   846,  1904,  1965,  6.7,  6.5,  6.6,231.2,234.6,234.1,NA,NA,NA,NA
 2023/11/20 10:11:00, 47.4,217.9,  6.8,231.4, 50.01,  4713,NA, 95298.1,     6.10, 33324,217.9,424.1,419.9,  4.0,  4.6,  4.8,   871,  1950,  2015,  6.8,  6.7,  6.7,231.4,234.2,234.5,NA,NA,NA,NA
 2023/11/20 10:11:30, 47.4,216.9,  6.9,231.2, 50.01,  4747,NA, 95298.2,     6.20, 33324,216.9,421.1,413.7,  4.1,  4.6,  4.9,   889,  1937,  2027,  6.9,  6.8,  6.9,231.2,234.8,234.3,NA,NA,NA,NA
 2023/11/20 10:12:00, 47.5,214.6,  6.8,231.3, 50.01,  4754,NA, 95298.2,     6.20, 33324,214.6,419.3,416.6,  4.0,  4.7,  4.9,   858,  1970,  2041,  6.8,  6.7,  6.7,231.3,234.5,234.3,NA,NA,NA,NA
 2023/11/20 10:12:30, 47.5,213.6,  6.9,231.1, 50.00,  4817,NA, 95298.3,     6.30, 33324,213.6,420.4,407.4,  4.2,  4.7,  5.1,   897,  1975,  2077,  6.9,  6.8,  6.8,231.1,234.6,234.3,NA,NA,NA,NA
 2023/11/20 10:13:00, 47.6,214.5,  6.9,231.6, 50.02,  4792,NA, 95298.3,     6.30, 33324,214.5,421.9,408.4,  4.1,  4.7,  5.1,   879,  1982,  2082,  6.9,  6.8,  6.8,231.6,234.6,234.4,NA,NA,NA,NA
 2023/11/20 10:13:30, 47.6,230.7,  6.9,231.6, 50.03,  4839,NA, 95298.3,     6.30, 33324,230.7,424.8,412.1,  3.9,  4.7,  5.1,   899,  1996,  2101,  6.9,  6.8,  6.9,231.6,234.5,234.4,NA,NA,NA,NA
 2023/11/20 10:14:00, 47.6,242.6,  7.0,231.9, 50.01,  4889,NA, 95298.4,     6.40, 33324,242.6,420.9,418.4,  3.6,  4.8,  5.0,   873,  2020,  2092,  7.0,  6.9,  7.0,231.9,234.9,234.4,NA,NA,NA,NA
 2023/11/20 10:14:30, 47.6,240.8,  7.1,231.4, 50.03,  4846,NA, 95298.4,     6.40, 33324,240.8,418.2,408.3,  3.3,  4.9,  5.2,   794,  2049,  2123,  7.1,  6.8,  6.9,231.4,234.5,234.2,NA,NA,NA,NA
 2023/11/20 10:15:00, 47.7,213.5,  7.1,231.2, 50.00,  4930,NA, 95298.5,     6.50, 33324,213.5,423.3,405.8,  4.2,  4.8,  5.3,   896,  2031,  2150,  7.1,  7.0,  7.0,231.2,234.2,234.1,NA,NA,NA,NA
 2023/11/20 10:15:30, 47.7,221.0,  7.1,230.9, 49.99,  4926,NA, 95298.5,     6.50, 33324,221.0,414.3,406.9,  3.9,  5.0,  5.3,   861,  2071,  2156,  7.1,  7.0,  7.1,230.9,233.8,233.8,NA,NA,NA,NA
 2023/11/20 10:16:00, 47.8,239.8,  7.0,231.2, 50.01,  4861,NA, 95298.5,     6.50, 33324,239.8,417.3,412.8,  3.3,  4.9,  5.2,   791,  2044,  2146,  7.0,  6.9,  6.9,231.2,234.0,234.3,NA,NA,NA,NA
 2023/11/20 10:16:30, 47.8,247.7,  7.2,231.4, 50.03,  4962,NA, 95298.6,     6.60, 33324,247.7,416.4,403.0,  3.5,  5.0,  5.3,   866,  2082,  2135,  7.2,  7.0,  7.1,231.4,234.3,234.4,NA,NA,NA,NA
 2023/11/20 10:17:00, 48.0,241.4,  7.2,231.5, 50.04,  4934,NA, 95298.6,     6.60, 33324,241.4,419.6,414.9,  3.5,  4.9,  5.2,   844,  2056,  2157,  7.2,  7.0,  7.0,231.5,234.6,234.6,NA,NA,NA,NA
 2023/11/20 10:17:30, 47.9,216.5,  7.1,231.1, 50.02,  4918,NA, 95298.7,     6.70, 33324,216.5,419.2,406.3,  4.1,  4.9,  5.2,   887,  2054,  2112,  7.1,  7.0,  7.0,231.1,234.2,234.4,NA,NA,NA,NA
 2023/11/20 10:18:00, 48.0,216.7,  6.8,231.5, 50.05,  4770,NA, 95298.7,     6.70, 33324,216.7,419.5,409.5,  3.9,  4.7,  5.1,   845,  1971,  2088,  6.8,  6.7,  6.8,231.5,234.4,234.5,NA,NA,NA,NA
 2023/11/20 10:18:30, 48.0,234.4,  6.6,231.8, 50.09,  4604,NA, 95298.7,     6.70, 33324,234.4,419.3,411.4,  3.4,  4.6,  4.9,   796,  1928,  2015,  6.6,  6.5,  6.6,231.8,234.3,234.5,NA,NA,NA,NA
 2023/11/20 10:19:00, 47.9,213.7,  6.8,232.2, 50.09,  4778,NA, 95298.8,     6.80, 33324,213.7,418.4,414.5,  4.0,  4.8,  5.0,   854,  2008,  2072,  6.8,  6.7,  6.7,232.2,234.8,234.8,NA,NA,NA,NA
 2023/11/20 10:19:30, 48.0,212.7,  7.1,232.5, 50.05,  4965,NA, 95298.8,     6.80, 33324,212.7,414.6,410.3,  4.2,  5.0,  5.3,   893,  2073,  2174,  7.1,  7.0,  7.0,232.5,235.4,235.5,NA,NA,NA,NA
 2023/11/20 10:20:00, 48.0,213.6,  7.1,232.5, 50.11,  4920,NA, 95298.9,     6.90, 33324,213.6,419.0,408.5,  4.0,  4.9,  5.3,   854,  2053,  2165,  7.1,  7.0,  7.0,232.5,235.1,235.3,NA,NA,NA,NA
 2023/11/20 10:20:30, 48.1,241.2,  7.1,232.7, 50.11,  4985,NA, 95298.9,     6.90, 33324,241.2,419.9,405.2,  3.7,  4.9,  5.3,   892,  2057,  2147,  7.1,  7.0,  7.0,232.7,235.6,235.8,NA,NA,NA,NA
 2023/11/20 10:21:00, 48.1,239.7,  6.4,232.3, 50.06,  4456,NA, 95299.0,     7.00, 33324,239.7,414.3,402.4,  3.1,  4.4,  4.8,   743,  1822,  1931,  6.4,  6.1,  6.2,232.3,235.2,234.7,NA,NA,NA,NA
 2023/11/20 10:21:30, 48.1,228.1,  6.2,232.4, 50.04,  4263,NA, 95299.0,     7.00, 33324,228.1,415.5,404.2,  3.3,  4.3,  4.6,   752,  1786,  1859,  6.2,  5.9,  6.0,232.4,235.0,234.6,NA,NA,NA,NA
 2023/11/20 10:22:00, 48.1,214.3,  5.6,232.6, 50.01,  3866,NA, 95299.0,     7.00, 33324,214.3,418.6,411.0,  3.2,  3.8,  4.1,   685,  1590,  1685,  5.6,  5.4,  5.5,232.6,235.3,234.4,NA,NA,NA,NA
 2023/11/20 10:22:30, 48.0,230.8,  6.6,232.7, 50.00,  4573,NA, 95299.1,     7.10, 33324,230.8,418.3,362.4,  3.6,  4.7,  5.2,   830,  1966,  1884,  6.6,  6.5,  6.5,232.7,235.6,235.1,NA,NA,NA,NA
 2023/11/20 10:23:00, 48.0,215.6,  5.4,233.1, 50.00,  3737,NA, 95299.1,     7.10, 33324,215.6,419.4,411.9,  3.2,  3.6,  3.9,   689,  1509,  1606,  5.4,  5.3,  5.3,233.1,235.8,235.6,NA,NA,NA,NA
 2023/11/20 10:23:30, 48.0,215.8,  5.0,233.1, 49.98,  3542,NA, 95299.1,     7.10, 33324,215.8,399.3,399.7,  3.0,  3.6,  3.9,   647,  1437,  1558,  5.0,  4.9,  4.9,233.1,235.0,234.6,NA,NA,NA,NA
 2023/11/20 10:24:00, 47.9,215.5,  5.2,232.7, 49.97,  3625,NA, 95299.1,     7.10, 33325,215.5,420.5,421.2,  3.1,  3.5,  3.7,   668,  1471,  1558,  5.2,  5.2,  5.3,232.7,234.8,234.3,NA,NA,NA,NA
 2023/11/20 10:24:30, 47.9,228.4,  6.1,232.6, 49.98,  4211,NA, 95299.2,     7.20, 33325,228.4,380.4,418.0,  3.2,  4.4,  4.6,   730,  1673,  1922,  6.1,  5.9,  6.0,232.6,234.7,234.6,NA,NA,NA,NA
 2023/11/20 10:25:00, 47.8,219.9,  5.9,232.5, 49.93,  4031,NA, 95299.2,     7.20, 33325,219.9,423.0,415.7,  3.4,  3.9,  4.2,   747,  1649,  1745,  5.9,  5.6,  5.7,232.5,234.8,234.6,NA,NA,NA,NA
 2023/11/20 10:25:30, 47.9,211.9,  4.9,232.4, 49.96,  3479,NA, 95299.3,     7.30, 33325,211.9,427.8,390.5,  3.0,  3.4,  3.8,   635,  1454,  1483,  4.9,  4.8,  4.9,232.4,234.3,234.0,NA,NA,NA,NA
 2023/11/20 10:26:00, 47.9,220.6,  6.0,232.4, 49.92,  4169,NA, 95299.3,     7.30, 33325,220.6,428.2,411.3,  3.3,  4.0,  4.4,   727,  1712,  1809,  6.0,  6.0,  6.0,232.4,234.8,234.5,NA,NA,NA,NA
 2023/11/20 10:26:30, 47.8,213.5,  5.3,232.4, 49.92,  3652,NA, 95299.3,     7.30, 33325,213.5,425.9,415.0,  3.1,  3.5,  3.8,   661,  1490,  1577,  5.3,  5.3,  5.3,232.4,234.6,234.2,NA,NA,NA,NA
 2023/11/20 10:27:00, 47.8,227.1,  4.6,232.9, 49.92,  3195,NA, 95299.3,     7.30, 33325,227.1,416.5,417.2,  2.6,  3.1,  3.3,   590,  1291,  1376,  4.6,  4.5,  4.5,232.9,235.1,234.4,NA,NA,NA,NA
 2023/11/20 10:27:30, 47.8,218.9,  5.6,232.5, 49.93,  3921,NA, 95299.4,     7.40, 33325,218.9,427.7,379.4,  3.5,  3.9,  4.3,   766,  1668,  1631,  5.6,  5.5,  5.6,232.5,234.9,234.6,NA,NA,NA,NA
 2023/11/20 10:28:00, 47.7,237.8,  6.8,233.2, 50.01,  4804,NA, 95299.4,     7.40, 33325,237.8,430.5,422.0,  3.6,  4.6,  4.9,   856,  1980,  2067,  6.8,  6.7,  6.7,233.2,235.0,234.9,NA,NA,NA,NA
 2023/11/20 10:28:30, 47.7,222.9,  6.8,232.3, 49.98,  4699,NA, 95299.4,     7.40, 33325,222.9,381.3,459.5,  4.3,  5.0,  4.2,   958,  1906,  1929,  6.8,  6.5,  6.6,232.3,235.2,234.9,NA,NA,NA,NA
 2023/11/20 10:29:00, 47.7,222.1,  6.6,232.3, 50.02,  4594,NA, 95299.5,     7.50, 33325,222.1,394.4,410.7,  4.0,  4.6,  5.0,   888,  1814,  2053,  6.6,  6.5,  6.5,232.3,235.0,234.8,NA,NA,NA,NA
 2023/11/20 10:29:30, 47.8,218.4,  6.6,232.3, 50.00,  4622,NA, 95299.5,     7.50, 33325,218.4,422.1,412.2,  3.9,  4.5,  4.9,   851,  1899,  2019,  6.6,  6.5,  6.6,232.3,235.3,234.9,NA,NA,NA,NA
 2023/11/20 10:30:00, 47.9,229.4,  8.0,232.7, 50.01,  5515,NA, 95299.6,     7.60, 33325,229.4,430.3,418.0,  4.4,  5.3,  5.7,  1009,  2280,  2382,  8.0,  7.9,  7.9,232.7,235.5,235.5,NA,NA,NA,NA
 2023/11/20 10:30:30, 47.8,215.9,  7.3,232.5, 50.00,  5070,NA, 95299.6,     7.60, 33325,215.9,422.6,408.9,  4.5,  4.9,  5.3,   971,  2070,  2167,  7.3,  7.2,  7.2,232.5,235.1,235.1,NA,NA,NA,NA
 2023/11/20 10:31:00, 47.9,217.4,  8.4,232.6, 50.00,  5836,NA, 95299.7,     7.70, 33325,217.4,417.5,415.9,  4.9,  5.8,  6.1,  1065,  2421,  2536,  8.4,  8.4,  8.4,232.6,235.4,235.4,NA,NA,NA,NA
 2023/11/20 10:31:30, 48.0,219.5,  7.7,232.1, 49.99,  5424,NA, 95299.7,     7.70, 33325,219.5,421.6,414.1,  4.6,  5.3,  5.6,  1009,  2234,  2318,  7.7,  7.6,  7.7,232.1,235.0,235.0,NA,NA,NA,NA
 2023/11/20 10:32:00, 48.2,217.2,  6.8,232.1, 49.98,  4731,NA, 95299.7,     7.70, 33325,217.2,416.4,407.7,  4.1,  4.7,  5.0,   890,  1957,  2038,  6.8,  6.7,  6.7,232.1,234.9,234.7,NA,NA,NA,NA
 2023/11/20 10:32:30, 48.1,224.4,  6.1,232.3, 49.98,  4231,NA, 95299.8,     7.80, 33325,224.4,415.6,410.5,  3.5,  4.2,  4.5,   785,  1745,  1847,  6.1,  5.9,  6.0,232.3,235.2,235.0,NA,NA,NA,NA
 2023/11/20 10:33:00, 48.2,247.8,  7.0,232.2, 50.01,  4898,NA, 95299.8,     7.80, 33325,247.8,421.8,413.2,  3.6,  4.8,  5.1,   892,  2024,  2107,  7.0,  6.9,  7.0,232.2,234.8,234.5,NA,NA,NA,NA
 2023/11/20 10:33:30, 48.1,252.6,  6.6,231.9, 50.01,  4581,NA, 95299.9,     7.90, 33325,252.6,421.8,416.9,  3.0,  4.5,  4.8,   757,  1898,  2001,  6.6,  6.5,  6.5,231.9,234.7,234.6,NA,NA,NA,NA
 2023/11/20 10:34:00, 48.2,222.6,  6.3,232.1, 50.02,  4379,NA, 95299.9,     7.90, 33325,222.6,420.2,412.7,  3.6,  4.3,  4.6,   801,  1806,  1898,  6.3,  6.2,  6.2,232.1,235.0,234.7,NA,NA,NA,NA
 2023/11/20 10:34:30, 48.2,218.6,  7.4,232.1, 50.01,  5185,NA, 95299.9,     7.90, 33325,218.6,369.9,401.1,  4.6,  5.6,  5.8,  1005,  2071,  2326,  7.4,  7.4,  7.4,232.1,235.2,234.9,NA,NA,NA,NA
 2023/11/20 10:35:00, 48.2,213.9,  7.5,231.4, 50.01,  5296,NA, 95300.0,     8.00, 33325,213.9,413.4,399.8,  4.6,  5.3,  5.7,   983,  2191,  2278,  7.5,  7.4,  7.5,231.4,234.6,234.5,NA,NA,NA,NA
 2023/11/20 10:35:30, 48.3,215.1,  7.3,231.7, 49.95,  5099,NA, 95300.0,     8.00, 33325,215.1,403.6,418.4,  4.4,  5.2,  5.3,   946,  2098,  2217,  7.3,  7.2,  7.3,231.7,234.8,234.0,NA,NA,NA,NA
 2023/11/20 10:36:00, 48.3,216.7,  7.3,231.7, 49.99,  5064,NA, 95300.1,     8.10, 33325,216.7,419.1,393.5,  4.5,  5.0,  5.4,   975,  2095,  2124,  7.3,  7.0,  7.1,231.7,234.7,233.6,NA,NA,NA,NA
 2023/11/20 10:36:30, 48.4,237.0,  6.6,231.6, 50.01,  4590,NA, 95300.1,     8.10, 33325,237.0,420.0,418.5,  3.4,  4.5,  4.7,   805,  1890,  1966,  6.6,  6.5,  6.6,231.6,234.8,233.6,NA,NA,NA,NA
 2023/11/20 10:37:00, 48.4,217.2,  6.4,231.3, 49.93,  4486,NA, 95300.2,     8.20, 33325,217.2,427.0,395.7,  3.9,  4.3,  4.9,   847,  1836,  1938,  6.4,  6.3,  6.4,231.3,234.6,234.1,NA,NA,NA,NA
 2023/11/20 10:37:30, 48.4,228.3,  6.6,231.5, 49.92,  4566,NA, 95300.2,     8.20, 33325,228.3,431.3,401.2,  3.7,  4.3,  4.9,   844,  1854,  1965,  6.6,  6.4,  6.5,231.5,234.8,234.3,NA,NA,NA,NA
 2023/11/20 10:38:00, 48.3,225.4,  7.4,231.5, 49.96,  5137,NA, 95300.2,     8.20, 33325,225.4,382.6,443.0,  4.4,  5.5,  4.9,   991,  2104,  2170,  7.4,  7.3,  7.3,231.5,235.1,234.6,NA,NA,NA,NA
 2023/11/20 10:38:30, 48.5,220.8,  7.6,231.9, 49.91,  5408,NA, 95300.3,     8.30, 33325,220.8,412.9,405.2,  4.4,  5.4,  5.8,   971,  2229,  2350,  7.6,  7.5,  7.6,231.9,235.1,234.7,NA,NA,NA,NA
 2023/11/20 10:39:00, 48.5,225.7,  7.9,231.9, 49.98,  5480,NA, 95300.3,     8.30, 33325,225.7,413.2,407.9,  4.5,  5.5,  5.8,  1015,  2272,  2365,  7.9,  7.8,  7.9,231.9,235.2,234.7,NA,NA,NA,NA
 2023/11/20 10:39:30, 48.5,250.4,  8.1,231.7, 49.94,  5565,NA, 95300.4,     8.40, 33325,250.4,412.6,407.4,  3.9,  5.6,  5.9,   976,  2310,  2403,  8.1,  7.9,  8.0,231.7,235.0,234.5,NA,NA,NA,NA
 2023/11/20 10:40:00, 48.6,245.1,  7.6,231.9, 50.00,  5308,NA, 95300.4,     8.40, 33325,245.1,416.1,405.0,  3.9,  5.3,  5.7,   955,  2205,  2308,  7.6,  7.6,  7.6,231.9,235.2,234.4,NA,NA,NA,NA
 2023/11/20 10:40:30, 48.6,217.4,  7.7,232.0, 49.98,  5358,NA, 95300.5,     8.50, 33325,217.4,416.2,410.9,  4.3,  5.4,  5.7,   934,  2247,  2342,  7.7,  7.5,  7.6,232.0,235.2,234.6,NA,NA,NA,NA
 2023/11/20 10:41:00, 48.6,218.0,  7.3,231.9, 49.94,  5053,NA, 95300.5,     8.50, 33325,218.0,420.4,406.8,  4.2,  5.0,  5.4,   915,  2102,  2196,  7.3,  7.2,  7.3,231.9,235.0,234.1,NA,NA,NA,NA
 2023/11/20 10:41:30, 48.7,228.3,  6.7,231.5, 49.99,  4738,NA, 95300.5,     8.50, 33325,228.3,402.8,413.1,  3.5,  4.8,  5.0,   799,  1933,  2065,  6.7,  6.6,  6.7,231.5,234.9,234.2,NA,NA,NA,NA
 2023/11/20 10:42:00, 48.8,229.9,  6.9,231.6, 49.92,  4834,NA, 95300.6,     8.60, 33325,229.9,417.1,408.3,  3.9,  4.8,  5.1,   896,  2002,  2082,  6.9,  6.8,  6.9,231.6,234.9,234.2,NA,NA,NA,NA
 2023/11/20 10:42:30, 48.7,231.8,  6.6,231.5, 50.00,  4636,NA, 95300.6,     8.60, 33325,231.8,418.5,418.2,  3.8,  4.5,  4.8,   880,  1883,  2007,  6.6,  6.5,  6.6,231.5,235.0,234.1,NA,NA,NA,NA
 2023/11/20 10:43:00, 48.7,231.5,  6.4,231.3, 50.01,  4480,NA, 95300.7,     8.70, 33325,231.5,420.2,410.4,  3.6,  4.4,  4.7,   833,  1848,  1928,  6.4,  6.3,  6.4,231.3,234.8,234.1,NA,NA,NA,NA
 2023/11/20 10:43:30, 48.7,217.4,  6.7,231.3, 49.99,  4536,NA, 95300.7,     8.70, 33325,217.4,421.7,416.6,  3.9,  4.4,  4.7,   847,  1855,  1958,  6.7,  6.4,  6.5,231.3,234.7,234.0,NA,NA,NA,NA
 2023/11/20 10:44:00, 48.7,240.6,  6.4,231.5, 50.03,  4398,NA, 95300.7,     8.70, 33325,240.6,421.6,410.6,  3.3,  4.3,  4.7,   793,  1812,  1929,  6.4,  6.3,  6.3,231.5,234.8,234.2,NA,NA,NA,NA
 2023/11/20 10:44:30, 48.7,214.6,  6.5,231.5, 50.00,  4532,NA, 95300.8,     8.80, 33325,214.6,429.5,395.6,  4.0,  4.3,  4.9,   858,  1846,  1938,  6.5,  6.4,  6.4,231.5,234.6,234.2,NA,NA,NA,NA
 2023/11/20 10:45:00, 48.7,218.4,  5.8,230.8, 49.98,  4001,NA, 95300.8,     8.80, 33325,218.4,415.8,408.1,  3.3,  4.0,  4.3,   720,  1663,  1754,  5.8,  5.7,  5.7,230.8,234.2,233.4,NA,NA,NA,NA
 2023/11/20 10:45:30, 48.7,224.6,  5.7,231.2, 50.03,  3848,NA, 95300.8,     8.80, 33325,224.6,426.1,411.6,  3.0,  3.7,  4.1,   673,  1576,  1687,  5.7,  5.6,  5.6,231.2,234.5,233.5,NA,NA,NA,NA
 2023/11/20 10:46:00, 48.6,237.6,  5.8,231.2, 49.98,  3974,NA, 95300.9,     8.90, 33325,237.6,429.7,422.5,  2.9,  3.8,  4.1,   689,  1632,  1732,  5.8,  5.7,  5.8,231.2,234.4,233.6,NA,NA,NA,NA
 2023/11/20 10:46:30, 48.6,274.6,  6.5,231.2, 50.03,  4531,NA, 95300.9,     8.90, 33325,274.6,416.2,402.8,  2.9,  4.5,  4.8,   796,  1872,  1933,  6.5,  6.4,  6.4,231.2,234.5,233.7,NA,NA,NA,NA
 2023/11/20 10:47:00, 48.6,239.0,  6.3,230.9, 49.99,  4289,NA, 95300.9,     8.90, 33325,239.0,429.1,421.8,  3.3,  4.1,  4.4,   788,  1759,  1855,  6.3,  6.2,  6.2,230.9,234.2,233.6,NA,NA,NA,NA
 2023/11/20 10:47:30, 48.6,228.6,  6.4,231.1, 50.00,  4426,NA, 95301.0,     9.00, 33325,228.6,424.5,418.3,  3.4,  4.3,  4.6,   777,  1825,  1924,  6.4,  6.3,  6.3,231.1,234.5,233.6,NA,NA,NA,NA
 2023/11/20 10:48:00, 48.6,227.5,  6.0,230.9, 49.98,  4175,NA, 95301.0,     9.00, 33325,227.5,419.4,421.3,  3.3,  4.1,  4.3,   750,  1719,  1811,  6.0,  5.8,  5.9,230.9,234.4,233.6,NA,NA,NA,NA
 2023/11/20 10:48:30, 48.5,223.4,  6.7,231.2, 50.11,  4635,NA, 95301.1,     9.10, 33325,223.4,421.2,416.2,  3.7,  4.5,  4.8,   826,  1895,  1997,  6.7,  6.7,  6.7,231.2,234.5,234.0,NA,NA,NA,NA
 2023/11/20 10:49:00, 48.6,222.4,  7.0,231.9, 49.98,  4888,NA, 95301.1,     9.10, 33325,222.4,409.0,389.4,  4.1,  5.0,  5.4,   911,  2045,  2102,  7.0,  6.9,  6.9,231.9,235.2,234.5,NA,NA,NA,NA
 2023/11/20 10:49:30, 48.6,224.8,  7.1,231.5, 50.03,  5009,NA, 95301.1,     9.10, 33325,224.8,419.9,420.6,  4.2,  4.9,  5.1,   944,  2057,  2145,  7.1,  7.0,  7.0,231.5,234.9,234.6,NA,NA,NA,NA
 2023/11/20 10:50:00, 48.6,222.9,  7.3,231.8, 50.01,  5148,NA, 95301.2,     9.20, 33325,222.9,428.0,405.0,  4.3,  5.0,  5.5,   958,  2140,  2227,  7.3,  7.2,  7.2,231.8,235.2,234.5,NA,NA,NA,NA
 2023/11/20 10:50:30, 48.6,223.2,  7.5,231.7, 50.03,  5220,NA, 95301.2,     9.20, 33325,223.2,433.9,425.3,  4.3,  4.9,  5.3,   959,  2126,  2254,  7.5,  7.3,  7.4,231.7,235.0,233.8,NA,NA,NA,NA
 2023/11/20 10:51:00, 48.7,225.5,  7.2,231.9, 49.95,  5011,NA, 95301.3,     9.30, 33325,225.5,425.5,412.0,  4.0,  4.9,  5.3,   902,  2084,  2183,  7.2,  7.1,  7.2,231.9,235.1,233.9,NA,NA,NA,NA
 2023/11/20 10:51:30, 48.7,221.5,  8.0,231.2, 50.00,  5536,NA, 95301.3,     9.30, 33325,221.5,409.0,409.6,  4.7,  5.6,  5.9,  1041,  2290,  2416,  8.0,  7.8,  7.9,231.2,234.9,234.2,NA,NA,NA,NA
 2023/11/20 10:52:00, 48.7,217.5,  8.0,231.5, 49.94,  5599,NA, 95301.4,     9.40, 33325,217.5,417.8,407.7,  4.8,  5.6,  5.9,  1044,  2339,  2405,  8.0,  7.9,  8.0,231.5,235.2,234.9,NA,NA,NA,NA
 2023/11/20 10:52:30, 48.9,212.8,  7.3,231.3, 49.99,  5083,NA, 95301.4,     9.40, 33325,212.8,419.2,399.8,  4.3,  5.0,  5.5,   915,  2096,  2198,  7.3,  7.1,  7.2,231.3,235.0,234.4,NA,NA,NA,NA
 2023/11/20 10:53:00, 48.9,230.5,  8.2,231.4, 49.94,  5767,NA, 95301.4,     9.40, 33325,230.5,419.4,404.7,  4.8,  5.7,  6.1,  1106,  2390,  2468,  8.2,  8.1,  8.1,231.4,235.4,234.9,NA,NA,NA,NA
 2023/11/20 10:53:30, 48.8,237.9,  7.9,231.2, 49.92,  5518,NA, 95301.5,     9.50, 33325,237.9,423.1,394.0,  4.4,  5.4,  5.9,  1046,  2284,  2324,  7.9,  7.9,  7.9,231.2,235.3,234.5,NA,NA,NA,NA
 2023/11/20 10:54:00, 49.0,224.4,  6.5,231.1, 49.99,  4493,NA, 95301.5,     9.50, 33325,224.4,421.3,410.2,  3.6,  4.4,  4.8,   807,  1853,  1968,  6.5,  6.4,  6.4,231.1,235.3,234.5,NA,NA,NA,NA
 2023/11/20 10:54:30, 48.9,229.4,  5.7,232.2, 49.99,  4009,NA, 95301.6,     9.60, 33325,229.4,425.6,412.3,  3.0,  3.9,  4.3,   688,  1659,  1772,  5.7,  5.5,  5.6,232.2,236.2,235.0,NA,NA,NA,NA
 2023/11/20 10:55:00, 48.9,237.4,  5.5,233.0, 50.04,  3890,NA, 95301.6,     9.60, 33325,237.4,423.4,412.4,  3.0,  3.7,  4.1,   712,  1566,  1690,  5.5,  5.4,  5.4,233.0,236.0,235.2,NA,NA,NA,NA
 2023/11/20 10:55:30, 49.0,236.7,  5.5,233.2, 50.01,  3817,NA, 95301.6,     9.60, 33325,236.7,423.1,413.3,  3.0,  3.7,  4.1,   710,  1565,  1694,  5.5,  5.4,  5.5,233.2,235.7,234.9,NA,NA,NA,NA
 2023/11/20 10:56:00, 48.8,238.6,  4.8,232.8, 50.01,  3414,NA, 95301.7,     9.70, 33325,238.6,407.2,420.0,  2.5,  3.3,  3.6,   596,  1343,  1512,  4.8,  4.7,  4.8,232.8,235.8,234.6,NA,NA,NA,NA
 2023/11/20 10:56:30, 48.7,238.1,  4.9,232.6, 49.98,  3423,NA, 95301.7,     9.70, 33325,238.1,421.4,410.3,  2.5,  3.3,  3.7,   595,  1390,  1518,  4.9,  4.7,  4.8,232.6,235.7,234.4,NA,NA,NA,NA
 2023/11/20 10:57:00, 48.7,237.4,  4.6,232.4, 49.94,  3208,NA, 95301.7,     9.70, 33325,237.4,427.8,420.5,  2.3,  3.0,  3.4,   546,  1283,  1429,  4.6,  4.5,  4.6,232.4,235.3,234.1,NA,NA,NA,NA
 2023/11/20 10:57:30, 48.6,238.2,  4.6,232.6, 49.97,  3218,NA, 95301.7,     9.70, 33325,238.2,435.8,423.8,  2.3,  3.0,  3.3,   547,  1307,  1398,  4.6,  4.4,  4.5,232.6,235.4,234.2,NA,NA,NA,NA
